Symbol,Company,Year,Revenue,EquityRatio,OperatingCF,Cash,Dividend,Count,ROE,EPS,MarketCap
3382.T,"Seven & i Holdings Co., Ltd.",2016,,,,,30.5,2,0.07605,118.78,4400402137088
3382.T,"Seven & i Holdings Co., Ltd.",2017,,,,,30.0,2,0.07605,118.78,4400402137088
3382.T,"Seven & i Holdings Co., Ltd.",2018,,,,,30.833333,2,0.07605,118.78,4400402137088
3382.T,"Seven & i Holdings Co., Ltd.",2019,,,,,31.666666,2,0.07605,118.78,4400402137088
3382.T,"Seven & i Holdings Co., Ltd.",2020,,,,,32.833332999999996,2,0.07605,118.78,4400402137088
3382.T,"Seven & i Holdings Co., Ltd.",2021,,,,,33.0,2,0.07605,118.78,4400402137088
3382.T,"Seven & i Holdings Co., Ltd.",2022,,,,,33.833332,2,0.07605,118.78,4400402137088
3382.T,"Seven & i Holdings Co., Ltd.",2023,11811302000000.0,0.3293153719909362,928476000000.0,1670872000000.0,40.0,2,0.07605,118.78,4400402137088
3382.T,"Seven & i Holdings Co., Ltd.",2024,11471753000000.0,0.3508816981534475,673015000000.0,1558738000000.0,38.833332,2,0.07605,118.78,4400402137088
3382.T,"Seven & i Holdings Co., Ltd.",2025,11972762000000.0,0.35447177706242283,876458000000.0,1368663000000.0,45.0,2,0.07605,118.78,4400402137088
3382.T,"Seven & i Holdings Co., Ltd.",2026,10430268000000.0,0.395982175132181,666736000000.0,438634000000.0,25.0,1,0.07605,118.78,4400402137088
4063.T,"Shin-Etsu Chemical Co., Ltd.",2016,,,,,23.0,2,0.106800005,252.21,12710016188416
4063.T,"Shin-Etsu Chemical Co., Ltd.",2017,,,,,25.0,2,0.106800005,252.21,12710016188416
4063.T,"Shin-Etsu Chemical Co., Ltd.",2018,,,,,35.0,2,0.106800005,252.21,12710016188416
4063.T,"Shin-Etsu Chemical Co., Ltd.",2019,,,,,42.0,2,0.106800005,252.21,12710016188416
4063.T,"Shin-Etsu Chemical Co., Ltd.",2020,,,,,44.0,2,0.106800005,252.21,12710016188416
4063.T,"Shin-Etsu Chemical Co., Ltd.",2021,,,,,58.0,2,0.106800005,252.21,12710016188416
4063.T,"Shin-Etsu Chemical Co., Ltd.",2022,,,,,95.0,2,0.106800005,252.21,12710016188416
4063.T,"Shin-Etsu Chemical Co., Ltd.",2023,2808824000000.0,0.8190032373624692,788013000000.0,1449617000000.0,105.0,2,0.106800005,252.21,12710016188416
4063.T,"Shin-Etsu Chemical Co., Ltd.",2024,2414937000000.0,0.8280463343443459,755183000000.0,1698999000000.0,103.0,2,0.106800005,252.21,12710016188416
4063.T,"Shin-Etsu Chemical Co., Ltd.",2025,2561249000000.0,0.8271775845052719,881934000000.0,1708438000000.0,106.0,2,0.106800005,252.21,12710016188416
4063.T,"Shin-Etsu Chemical Co., Ltd.",2026,2573969000000.0,0.7885025310376875,712651000000.0,1660060000000.0,53.0,1,0.106800005,252.21,12710016188416
4452.T,Kao Corporation,2016,,,,,47.0,2,0.11929,231.98,5919975931904
4452.T,Kao Corporation,2017,,,,,55.0,2,0.11929,231.98,5919975931904
4452.T,Kao Corporation,2018,,,,,60.0,2,0.11929,231.98,5919975931904
4452.T,Kao Corporation,2019,,,,,65.0,2,0.11929,231.98,5919975931904
4452.T,Kao Corporation,2020,,,,,70.0,2,0.11929,231.98,5919975931904
4452.T,Kao Corporation,2021,,,175524000000.0,,72.0,2,0.11929,231.98,5919975931904
4452.T,Kao Corporation,2022,1551059000000.0,0.5630729573956613,130905000000.0,268248000000.0,74.0,2,0.11929,231.98,5919975931904
4452.T,Kao Corporation,2023,1532579000000.0,0.5558916176984189,202481000000.0,291663000000.0,75.0,2,0.11929,231.98,5919975931904
4452.T,Kao Corporation,2024,1628448000000.0,0.571312586457959,201585000000.0,357713000000.0,76.0,2,0.11929,231.98,5919975931904
4452.T,Kao Corporation,2025,1688633000000.0,0.5674913895813134,,323282000000.0,77.0,2,0.11929,231.98,5919975931904
4452.T,Kao Corporation,2026,,,,,0.0,0,0.11929,231.98,5919975931904
4502.T,Takeda Pharmaceutical Company Limited,2016,,,,,180.0,2,-0.02118,-96.65,8036820713472
4502.T,Takeda Pharmaceutical Company Limited,2017,,,,,180.0,2,-0.02118,-96.65,8036820713472
4502.T,Takeda Pharmaceutical Company Limited,2018,,,,,180.0,2,-0.02118,-96.65,8036820713472
4502.T,Takeda Pharmaceutical Company Limited,2019,,,,,180.0,2,-0.02118,-96.65,8036820713472
4502.T,Takeda Pharmaceutical Company Limited,2020,,,,,180.0,2,-0.02118,-96.65,8036820713472
4502.T,Takeda Pharmaceutical Company Limited,2021,,,,,180.0,2,-0.02118,-96.65,8036820713472
4502.T,Takeda Pharmaceutical Company Limited,2022,,,,,180.0,2,-0.02118,-96.65,8036820713472
4502.T,Takeda Pharmaceutical Company Limited,2023,4027478000000.0,0.45523970553993304,977156000000.0,533530000000.0,184.0,2,-0.02118,-96.65,8036820713472
4502.T,Takeda Pharmaceutical Company Limited,2024,4263762000000.0,0.48139282081585344,716344000000.0,457800000000.0,192.0,2,-0.02118,-96.65,8036820713472
4502.T,Takeda Pharmaceutical Company Limited,2025,4581551000000.0,0.48672912445123445,1057182000000.0,385113000000.0,198.0,2,-0.02118,-96.65,8036820713472
4502.T,Takeda Pharmaceutical Company Limited,2026,4505720000000.0,0.4789632289733827,1041431000000.0,595054000000.0,100.0,1,-0.02118,-96.65,8036820713472
4503.T,Astellas Pharma Inc.,2016,,,,,33.0,2,0.17438,162.16,3842750808064
4503.T,Astellas Pharma Inc.,2017,,,,,35.0,2,0.17438,162.16,3842750808064
4503.T,Astellas Pharma Inc.,2018,,,,,37.0,2,0.17438,162.16,3842750808064
4503.T,Astellas Pharma Inc.,2019,,,,,39.0,2,0.17438,162.16,3842750808064
4503.T,Astellas Pharma Inc.,2020,,,,,41.0,2,0.17438,162.16,3842750808064
4503.T,Astellas Pharma Inc.,2021,,,,,46.0,2,0.17438,162.16,3842750808064
4503.T,Astellas Pharma Inc.,2022,,,,,55.0,2,0.17438,162.16,3842750808064
4503.T,Astellas Pharma Inc.,2023,1518619000000.0,0.6138583148993819,327767000000.0,376840000000.0,65.0,2,0.17438,162.16,3842750808064
4503.T,Astellas Pharma Inc.,2024,1603672000000.0,0.4471051822849768,172475000000.0,335687000000.0,72.0,2,0.17438,162.16,3842750808064
4503.T,Astellas Pharma Inc.,2025,1912323000000.0,0.45313222404016834,194512000000.0,188372000000.0,76.0,2,0.17438,162.16,3842750808064
4503.T,Astellas Pharma Inc.,2026,2139245000000.0,0.512762114940054,560188000000.0,281605000000.0,39.0,1,0.17438,162.16,3842750808064
4568.T,"Daiichi Sankyo Company, Limited",2016,,,,,21.666667,2,0.15809,140.47,4613730729984
4568.T,"Daiichi Sankyo Company, Limited",2017,,,,,23.333334,2,0.15809,140.47,4613730729984
4568.T,"Daiichi Sankyo Company, Limited",2018,,,,,23.333334,2,0.15809,140.47,4613730729984
4568.T,"Daiichi Sankyo Company, Limited",2019,,,,,23.333334,2,0.15809,140.47,4613730729984
4568.T,"Daiichi Sankyo Company, Limited",2020,,,,,25.166667,2,0.15809,140.47,4613730729984
4568.T,"Daiichi Sankyo Company, Limited",2021,,,,,27.0,2,0.15809,140.47,4613730729984
4568.T,"Daiichi Sankyo Company, Limited",2022,,,,,28.5,2,0.15809,140.47,4613730729984
4568.T,"Daiichi Sankyo Company, Limited",2023,1278478000000.0,0.5762925342651668,114514000000.0,441921000000.0,35.0,2,0.15809,140.47,4613730729984
4568.T,"Daiichi Sankyo Company, Limited",2024,1601688000000.0,0.48775127234274307,599258000000.0,647180000000.0,60.0,2,0.15809,140.47,4613730729984
4568.T,"Daiichi Sankyo Company, Limited",2025,1886256000000.0,0.4697222520405113,53842000000.0,639838000000.0,69.0,2,0.15809,140.47,4613730729984
4568.T,"Daiichi Sankyo Company, Limited",2026,2123045000000.0,0.41548488411865014,77655000000.0,449807000000.0,39.0,1,0.15809,140.47,4613730729984
6098.T,"Recruit Holdings Co., Ltd.",2016,,,,,16.666668,1,0.30831,347.76,15369214361600
6098.T,"Recruit Holdings Co., Ltd.",2017,,,,,32.666668,2,0.30831,347.76,15369214361600
6098.T,"Recruit Holdings Co., Ltd.",2018,,,,,25.5,2,0.30831,347.76,15369214361600
6098.T,"Recruit Holdings Co., Ltd.",2019,,,,,29.5,2,0.30831,347.76,15369214361600
6098.T,"Recruit Holdings Co., Ltd.",2020,,,,,24.5,2,0.30831,347.76,15369214361600
6098.T,"Recruit Holdings Co., Ltd.",2021,,,,,21.0,2,0.30831,347.76,15369214361600
6098.T,"Recruit Holdings Co., Ltd.",2022,,,439610000000.0,,21.5,2,0.30831,347.76,15369214361600
6098.T,"Recruit Holdings Co., Ltd.",2023,3429519000000.0,0.5824727265176687,438193000000.0,877370000000.0,22.5,2,0.30831,347.76,15369214361600
6098.T,"Recruit Holdings Co., Ltd.",2024,3416492000000.0,0.6362948325503093,535362000000.0,1136858000000.0,23.5,2,0.30831,347.76,15369214361600
6098.T,"Recruit Holdings Co., Ltd.",2025,3557478000000.0,0.5834902454755195,610363000000.0,808625000000.0,24.5,2,0.30831,347.76,15369214361600
6098.T,"Recruit Holdings Co., Ltd.",2026,3697351000000.0,0.5676983798598647,,725578000000.0,12.5,1,0.30831,347.76,15369214361600
6273.T,SMC Corporation,2016,,,,,200.0,2,0.08274999,2643.15,4517378654208
6273.T,SMC Corporation,2017,,,,,400.0,2,0.08274999,2643.15,4517378654208
6273.T,SMC Corporation,2018,,,,,400.0,2,0.08274999,2643.15,4517378654208
6273.T,SMC Corporation,2019,,,,,400.0,2,0.08274999,2643.15,4517378654208
6273.T,SMC Corporation,2020,,,,,400.0,2,0.08274999,2643.15,4517378654208
6273.T,SMC Corporation,2021,,,,,600.0,2,0.08274999,2643.15,4517378654208
6273.T,SMC Corporation,2022,727397000000.0,0.8789102071187281,156093000000.0,684834000000.0,900.0,2,0.08274999,2643.15,4517378654208
6273.T,SMC Corporation,2023,824772000000.0,0.8809465024845171,101617000000.0,603570000000.0,900.0,2,0.08274999,2643.15,4517378654208
6273.T,SMC Corporation,2024,776873000000.0,0.8983208398522076,98207000000.0,511257000000.0,1000.0,2,0.08274999,2643.15,4517378654208
6273.T,SMC Corporation,2025,792108000000.0,0.9178933218200781,196656000000.0,655779000000.0,1000.0,2,0.08274999,2643.15,4517378654208
6273.T,SMC Corporation,2026,,,,,500.0,1,0.08274999,2643.15,4517378654208
6367.T,"Daikin Industries,Ltd.",2016,,,,,125.0,2,0.09262,937.95,6693983879168
6367.T,"Daikin Industries,Ltd.",2017,,,,,135.0,2,0.09262,937.95,6693983879168
6367.T,"Daikin Industries,Ltd.",2018,,,,,145.0,2,0.09262,937.95,6693983879168
6367.T,"Daikin Industries,Ltd.",2019,,,,,170.0,2,0.09262,937.95,6693983879168
6367.T,"Daikin Industries,Ltd.",2020,,,,,160.0,2,0.09262,937.95,6693983879168
6367.T,"Daikin Industries,Ltd.",2021,,,,,170.0,2,0.09262,937.95,6693983879168
6367.T,"Daikin Industries,Ltd.",2022,,,,,210.0,2,0.09262,937.95,6693983879168
6367.T,"Daikin Industries,Ltd.",2023,3981578000000.0,0.5200537586187827,158896000000.0,617663000000.0,260.0,2,0.09262,937.95,6693983879168
6367.T,"Daikin Industries,Ltd.",2024,4395317000000.0,0.5412255160105159,399567000000.0,737961000000.0,315.0,2,0.09262,937.95,6693983879168
6367.T,"Daikin Industries,Ltd.",2025,4752335000000.0,0.5465158093557974,514450000000.0,802663000000.0,310.0,2,0.09262,937.95,6693983879168
6367.T,"Daikin Industries,Ltd.",2026,5015036000000.0,0.5602543534093961,465848000000.0,933484000000.0,175.0,1,0.09262,937.95,6693983879168
6501.T,"Hitachi, Ltd.",2016,,,,,12.0,2,0.13299,176.43,20136643788800
6501.T,"Hitachi, Ltd.",2017,,,,,14.0,2,0.13299,176.43,20136643788800
6501.T,"Hitachi, Ltd.",2018,,,,,9.6,2,0.13299,176.43,20136643788800
6501.T,"Hitachi, Ltd.",2019,,,,,19.0,2,0.13299,176.43,20136643788800
6501.T,"Hitachi, Ltd.",2020,,,,,20.0,2,0.13299,176.43,20136643788800
6501.T,"Hitachi, Ltd.",2021,,,,,23.0,2,0.13299,176.43,20136643788800
6501.T,"Hitachi, Ltd.",2022,,,,,27.0,2,0.13299,176.43,20136643788800
6501.T,"Hitachi, Ltd.",2023,10881150000000.0,0.3953835942078232,827045000000.0,833283000000.0,31.0,2,0.13299,176.43,20136643788800
6501.T,"Hitachi, Ltd.",2024,9728716000000.0,0.4667025985158352,956612000000.0,705367000000.0,41.0,2,0.13299,176.43,20136643788800
6501.T,"Hitachi, Ltd.",2025,9783370000000.0,0.4401334817434013,1172240000000.0,866242000000.0,45.0,2,0.13299,176.43,20136643788800
6501.T,"Hitachi, Ltd.",2026,10586781000000.0,0.43669048428567686,1668061000000.0,1323480000000.0,27.0,1,0.13299,176.43,20136643788800
6594.T,Nidec Corporation,2016,,,,,20.0,2,0.06313,104.77,2915065921536
6594.T,Nidec Corporation,2017,,,,,22.5,2,0.06313,104.77,2915065921536
6594.T,Nidec Corporation,2018,,,,,25.0,2,0.06313,104.77,2915065921536
6594.T,Nidec Corporation,2019,,,,,27.5,2,0.06313,104.77,2915065921536
6594.T,Nidec Corporation,2020,,,,,30.0,2,0.06313,104.77,2915065921536
6594.T,Nidec Corporation,2021,,,,,30.0,2,0.06313,104.77,2915065921536
6594.T,Nidec Corporation,2022,1918174000000.0,0.48245256736742403,94994000000.0,199655000000.0,35.0,2,0.06313,104.77,2915065921536
6594.T,Nidec Corporation,2023,2242824000000.0,0.47148741501607,143485000000.0,186098000000.0,35.0,2,0.06313,104.77,2915065921536
6594.T,Nidec Corporation,2024,2347159000000.0,0.5163390046361864,320766000000.0,217005000000.0,40.0,2,0.06313,104.77,2915065921536
6594.T,Nidec Corporation,2025,2607813000000.0,0.5169942755523053,284428000000.0,246239000000.0,20.0,1,0.06313,104.77,2915065921536
6594.T,Nidec Corporation,2026,,,,,0.0,0,0.06313,104.77,2915065921536
6758.T,Sony Group Corporation,2016,,,,,4.0,2,0.12336001,171.47,18841683886080
6758.T,Sony Group Corporation,2017,,,,,4.5,2,0.12336001,171.47,18841683886080
6758.T,Sony Group Corporation,2018,,,,,6.0,2,0.12336001,171.47,18841683886080
6758.T,Sony Group Corporation,2019,,,,,8.0,2,0.12336001,171.47,18841683886080
6758.T,Sony Group Corporation,2020,,,,,10.0,2,0.12336001,171.47,18841683886080
6758.T,Sony Group Corporation,2021,,,,,12.0,2,0.12336001,171.47,18841683886080
6758.T,Sony Group Corporation,2022,,,,,14.0,2,0.12336001,171.47,18841683886080
6758.T,Sony Group Corporation,2023,10974373000000.0,0.21180319954728263,314691000000.0,1480900000000.0,16.0,2,0.12336001,171.47,18841683886080
6758.T,Sony Group Corporation,2024,11260037000000.0,0.22244899873898666,1373213000000.0,1907113000000.0,19.0,2,0.12336001,171.47,18841683886080
6758.T,Sony Group Corporation,2025,12034917000000.0,0.23176564487415172,2321675000000.0,2980956000000.0,22.5,2,0.12336001,171.47,18841683886080
6758.T,Sony Group Corporation,2026,12479620000000.0,0.5176788457161002,1945617000000.0,2208879000000.0,12.5,1,0.12336001,171.47,18841683886080
6861.T,Keyence Corporation,2016,,,,,50.0,2,0.13531,1834.98,18698687479808
6861.T,Keyence Corporation,2017,,,,,62.5,2,0.13531,1834.98,18698687479808
6861.T,Keyence Corporation,2018,,,,,75.0,2,0.13531,1834.98,18698687479808
6861.T,Keyence Corporation,2019,,,,,100.0,2,0.13531,1834.98,18698687479808
6861.T,Keyence Corporation,2020,,,,,200.0,2,0.13531,1834.98,18698687479808
6861.T,Keyence Corporation,2021,,,,,200.0,2,0.13531,1834.98,18698687479808
6861.T,Keyence Corporation,2022,,,,,250.0,2,0.13531,1834.98,18698687479808
6861.T,Keyence Corporation,2023,922422000000.0,0.9400866803072258,302628000000.0,433656000000.0,300.0,2,0.13531,1834.98,18698687479808
6861.T,Keyence Corporation,2024,967288000000.0,0.946505859432972,387916000000.0,520356000000.0,325.0,2,0.13531,1834.98,18698687479808
6861.T,Keyence Corporation,2025,1059145000000.0,0.9450715427103779,409522000000.0,579051000000.0,450.0,2,0.13531,1834.98,18698687479808
6861.T,Keyence Corporation,2026,1169289000000.0,0.945736115216494,430680000000.0,596976000000.0,275.0,1,0.13531,1834.98,18698687479808
6954.T,Fanuc Corporation,2016,,,,,78.882,2,0.09352,178.46,6556370862080
6954.T,Fanuc Corporation,2017,,,,,94.885998,2,0.09352,178.46,6556370862080
6954.T,Fanuc Corporation,2018,,,,,179.18399499999998,2,0.09352,178.46,6556370862080
6954.T,Fanuc Corporation,2019,,,,,106.05799999999999,2,0.09352,178.46,6556370862080
6954.T,Fanuc Corporation,2020,,,,,52.516,2,0.09352,178.46,6556370862080
6954.T,Fanuc Corporation,2021,,,,,90.432,2,0.09352,178.46,6556370862080
6954.T,Fanuc Corporation,2022,,,,,100.74000000000001,2,0.09352,178.46,6556370862080
6954.T,Fanuc Corporation,2023,851956000000.0,0.8622070779531325,99505000000.0,512528000000.0,94.588,2,0.09352,178.46,6556370862080
6954.T,Fanuc Corporation,2024,795274000000.0,0.8855260828322613,171764000000.0,522979000000.0,88.39,2,0.09352,178.46,6556370862080
6954.T,Fanuc Corporation,2025,797129000000.0,0.8903032527615717,255273000000.0,590504000000.0,101.21000000000001,2,0.09352,178.46,6556370862080
6954.T,Fanuc Corporation,2026,857831000000.0,0.8919840244894055,250896000000.0,718071000000.0,55.76,1,0.09352,178.46,6556370862080
6981.T,"Murata Manufacturing Co., Ltd.",2016,,,,,24.444444,2,0.08826,128.16,19604531314688
6981.T,"Murata Manufacturing Co., Ltd.",2017,,,,,26.666666,2,0.08826,128.16,19604531314688
6981.T,"Murata Manufacturing Co., Ltd.",2018,,,,,30.0,2,0.08826,128.16,19604531314688
6981.T,"Murata Manufacturing Co., Ltd.",2019,,,,,62.333335000000005,2,0.08826,128.16,19604531314688
6981.T,"Murata Manufacturing Co., Ltd.",2020,,,,,35.0,2,0.08826,128.16,19604531314688
6981.T,"Murata Manufacturing Co., Ltd.",2021,,,,,40.0,2,0.08826,128.16,19604531314688
6981.T,"Murata Manufacturing Co., Ltd.",2022,,,,,48.333332,2,0.08826,128.16,19604531314688
6981.T,"Murata Manufacturing Co., Ltd.",2023,1686796000000.0,0.8256594909636942,277641000000.0,469406000000.0,50.0,2,0.08826,128.16,19604531314688
6981.T,"Murata Manufacturing Co., Ltd.",2024,1640158000000.0,0.8414204572574101,489637000000.0,622007000000.0,54.0,2,0.08826,128.16,19604531314688
6981.T,"Murata Manufacturing Co., Ltd.",2025,1743352000000.0,0.8522588050831618,451905000000.0,625148000000.0,60.0,2,0.08826,128.16,19604531314688
6981.T,"Murata Manufacturing Co., Ltd.",2026,1830856000000.0,0.8498464723973844,425222000000.0,653701000000.0,35.0,1,0.08826,128.16,19604531314688
7203.T,Toyota Motor Corporation,2016,,,,,42.0,2,0.10233,295.35,32776034189312
7203.T,Toyota Motor Corporation,2017,,,,,42.0,2,0.10233,295.35,32776034189312
7203.T,Toyota Motor Corporation,2018,,,,,44.0,2,0.10233,295.35,32776034189312
7203.T,Toyota Motor Corporation,2019,,,,,44.0,2,0.10233,295.35,32776034189312
7203.T,Toyota Motor Corporation,2020,,,,,45.0,2,0.10233,295.35,32776034189312
7203.T,Toyota Motor Corporation,2021,,,,,51.0,2,0.10233,295.35,32776034189312
7203.T,Toyota Motor Corporation,2022,,,,,53.0,2,0.10233,295.35,32776034189312
7203.T,Toyota Motor Corporation,2023,37154298000000.0,0.38139290942864085,2955076000000.0,7516966000000.0,65.0,2,0.10233,295.35,32776034189312
7203.T,Toyota Motor Corporation,2024,45095325000000.0,0.37975096648371975,4206373000000.0,9412060000000.0,85.0,2,0.10233,295.35,32776034189312
7203.T,Toyota Motor Corporation,2025,48036704000000.0,0.38380670791607174,3696934000000.0,8982404000000.0,95.0,2,0.10233,295.35,32776034189312
7203.T,Toyota Motor Corporation,2026,50684952000000.0,0.37829768942462044,5472920000000.0,12659622000000.0,50.0,1,0.10233,295.35,32776034189312
7267.T,"Honda Motor Co., Ltd.",2016,,,,,29.999999,4,-0.028499998,-106.1,5642295181312
7267.T,"Honda Motor Co., Ltd.",2017,,,,,32.333332999999996,4,-0.028499998,-106.1,5642295181312
7267.T,"Honda Motor Co., Ltd.",2018,,,,,36.666666,4,-0.028499998,-106.1,5642295181312
7267.T,"Honda Motor Co., Ltd.",2019,,,,,37.333332,4,-0.028499998,-106.1,5642295181312
7267.T,"Honda Motor Co., Ltd.",2020,,,,,28.0,4,-0.028499998,-106.1,5642295181312
7267.T,"Honda Motor Co., Ltd.",2021,,,,,42.99999699999999,3,-0.028499998,-106.1,5642295181312
7267.T,"Honda Motor Co., Ltd.",2022,,,,,41.666668,2,-0.028499998,-106.1,5642295181312
7267.T,"Honda Motor Co., Ltd.",2023,16907725000000.0,0.45335304521061903,2129022000000.0,3803014000000.0,49.0,2,-0.028499998,-106.1,5642295181312
7267.T,"Honda Motor Co., Ltd.",2024,20428802000000.0,0.4264435760550679,747278000000.0,4954565000000.0,73.0,2,-0.028499998,-106.1,5642295181312
7267.T,"Honda Motor Co., Ltd.",2025,21688767000000.0,0.4005258080950246,292152000000.0,4528795000000.0,69.0,2,-0.028499998,-106.1,5642295181312
7267.T,"Honda Motor Co., Ltd.",2026,21796610000000.0,0.3526638064643874,1135261000000.0,5066828000000.0,35.0,1,-0.028499998,-106.1,5642295181312
7741.T,HOYA Corporation,2016,,,,,75.0,2,0.25062,744.23,8555208376320
7741.T,HOYA Corporation,2017,,,,,75.0,2,0.25062,744.23,8555208376320
7741.T,HOYA Corporation,2018,,,,,90.0,2,0.25062,744.23,8555208376320
7741.T,HOYA Corporation,2019,,,,,90.0,2,0.25062,744.23,8555208376320
7741.T,HOYA Corporation,2020,,,,,90.0,2,0.25062,744.23,8555208376320
7741.T,HOYA Corporation,2021,,,,,90.0,2,0.25062,744.23,8555208376320
7741.T,HOYA Corporation,2022,,,,,110.0,2,0.25062,744.23,8555208376320
7741.T,HOYA Corporation,2023,734095000000.0,0.795779742999788,201829000000.0,405888000000.0,110.0,2,0.25062,744.23,8555208376320
7741.T,HOYA Corporation,2024,792628000000.0,0.8040374768511402,222802000000.0,525162000000.0,110.0,2,0.25062,744.23,8555208376320
7741.T,HOYA Corporation,2025,885815000000.0,0.7891439367792344,235113000000.0,533967000000.0,240.0,2,0.25062,744.23,8555208376320
7741.T,HOYA Corporation,2026,995844000000.0,0.7844279754661592,278446000000.0,574092000000.0,170.0,1,0.25062,744.23,8555208376320
7974.T,"Nintendo Co., Ltd.",2016,,,,,12.0,1,0.14931,364.37,7595988353024
7974.T,"Nintendo Co., Ltd.",2017,,,,,54.0,2,0.14931,364.37,7595988353024
7974.T,"Nintendo Co., Ltd.",2018,,,,,65.0,2,0.14931,364.37,7595988353024
7974.T,"Nintendo Co., Ltd.",2019,,,,,91.0,2,0.14931,364.37,7595988353024
7974.T,"Nintendo Co., Ltd.",2020,,,,,163.0,2,0.14931,364.37,7595988353024
7974.T,"Nintendo Co., Ltd.",2021,,,,,203.0,2,0.14931,364.37,7595988353024
7974.T,"Nintendo Co., Ltd.",2022,,,,,204.0,2,0.14931,364.37,7595988353024
7974.T,"Nintendo Co., Ltd.",2023,1601677000000.0,0.7939763527385502,322843000000.0,1263666000000.0,203.0,2,0.14931,364.37,7595988353024
7974.T,"Nintendo Co., Ltd.",2024,1671865000000.0,0.8262251562324483,462097000000.0,1484350000000.0,166.0,2,0.14931,364.37,7595988353024
7974.T,"Nintendo Co., Ltd.",2025,1164922000000.0,0.8016224733449757,12069000000.0,1586275000000.0,127.0,2,0.14931,364.37,7595988353024
7974.T,"Nintendo Co., Ltd.",2026,2313051000000.0,0.7762893029533452,289789000000.0,1791802000000.0,177.0,1,0.14931,364.37,7595988353024
8001.T,ITOCHU Corporation,2016,,,,,10.5,2,0.1391,127.98,12816005201920
8001.T,ITOCHU Corporation,2017,,,,,11.9,2,0.1391,127.98,12816005201920
8001.T,ITOCHU Corporation,2018,,,,,15.0,2,0.1391,127.98,12816005201920
8001.T,ITOCHU Corporation,2019,,,,,17.7,2,0.1391,127.98,12816005201920
8001.T,ITOCHU Corporation,2020,,,,,17.3,2,0.1391,127.98,12816005201920
8001.T,ITOCHU Corporation,2021,,,,,18.200000000000003,2,0.1391,127.98,12816005201920
8001.T,ITOCHU Corporation,2022,,,,,25.6,2,0.1391,127.98,12816005201920
8001.T,ITOCHU Corporation,2023,13945633000000.0,0.3677553867972002,938058000000.0,606002000000.0,31.0,2,0.1391,127.98,12816005201920
8001.T,ITOCHU Corporation,2024,14029910000000.0,0.37453926758046974,978108000000.0,600435000000.0,36.0,2,0.1391,127.98,12816005201920
8001.T,ITOCHU Corporation,2025,14724234000000.0,0.3802677156946648,997278000000.0,549573000000.0,40.0,2,0.1391,127.98,12816005201920
8001.T,ITOCHU Corporation,2026,14823087000000.0,0.39383486878926227,1131837000000.0,593766000000.0,22.0,1,0.1391,127.98,12816005201920
8031.T,"Mitsui & Co., Ltd.",2016,,,,,28.5,2,0.10301,290.77,12776521072640
8031.T,"Mitsui & Co., Ltd.",2017,,,,,30.0,2,0.10301,290.77,12776521072640
8031.T,"Mitsui & Co., Ltd.",2018,,,,,40.0,2,0.10301,290.77,12776521072640
8031.T,"Mitsui & Co., Ltd.",2019,,,,,40.0,2,0.10301,290.77,12776521072640
8031.T,"Mitsui & Co., Ltd.",2020,,,,,40.0,2,0.10301,290.77,12776521072640
8031.T,"Mitsui & Co., Ltd.",2021,,,,,42.5,2,0.10301,290.77,12776521072640
8031.T,"Mitsui & Co., Ltd.",2022,,,,,62.5,2,0.10301,290.77,12776521072640
8031.T,"Mitsui & Co., Ltd.",2023,14306402000000.0,0.4140033012338147,1047537000000.0,1390130000000.0,80.0,2,0.10301,290.77,12776521072640
8031.T,"Mitsui & Co., Ltd.",2024,13324942000000.0,0.4462763458946897,864419000000.0,898204000000.0,92.5,2,0.10301,290.77,12776521072640
8031.T,"Mitsui & Co., Ltd.",2025,14662620000000.0,0.44889575349839206,1017518000000.0,977356000000.0,105.0,2,0.10301,290.77,12776521072640
8031.T,"Mitsui & Co., Ltd.",2026,13995222000000.0,0.4210903253594069,952912000000.0,982722000000.0,60.0,1,0.10301,290.77,12776521072640
8035.T,Tokyo Electron Limited,2016,,,,,80.0,2,0.2927,1254.22,33168027549696
8035.T,Tokyo Electron Limited,2017,,,,,167.0,2,0.2927,1254.22,33168027549696
8035.T,Tokyo Electron Limited,2018,,,,,253.333334,2,0.2927,1254.22,33168027549696
8035.T,Tokyo Electron Limited,2019,,,,,197.0,2,0.2927,1254.22,33168027549696
8035.T,Tokyo Electron Limited,2020,,,,,234.0,2,0.2927,1254.22,33168027549696
8035.T,Tokyo Electron Limited,2021,,,,,354.66666,2,0.2927,1254.22,33168027549696
8035.T,Tokyo Electron Limited,2022,,,,,538.99999,2,0.2927,1254.22,33168027549696
8035.T,Tokyo Electron Limited,2023,2209025000000.0,0.6919562864413041,426270000000.0,473099000000.0,432.66,2,0.2927,1254.22,33168027549696
8035.T,Tokyo Electron Limited,2024,1830527000000.0,0.7165500626510811,434720000000.0,462383000000.0,510.0,2,0.2927,1254.22,33168027549696
8035.T,Tokyo Electron Limited,2025,2431568000000.0,0.7064811207697238,582174000000.0,416240000000.0,591.0,2,0.2927,1254.22,33168027549696
8035.T,Tokyo Electron Limited,2026,2443533000000.0,0.7235219051260802,539732000000.0,451252000000.0,364.0,1,0.2927,1254.22,33168027549696
8058.T,Mitsubishi Corporation,2016,,,,,18.333333,2,0.08984999,209.58,16121578127360
8058.T,Mitsubishi Corporation,2017,,,,,32.333335000000005,2,0.08984999,209.58,16121578127360
8058.T,Mitsubishi Corporation,2018,,,,,41.666668,2,0.08984999,209.58,16121578127360
8058.T,Mitsubishi Corporation,2019,,,,,42.333332,2,0.08984999,209.58,16121578127360
8058.T,Mitsubishi Corporation,2020,,,,,45.0,2,0.08984999,209.58,16121578127360
8058.T,Mitsubishi Corporation,2021,,,,,46.0,2,0.08984999,209.58,16121578127360
8058.T,Mitsubishi Corporation,2022,,,,,52.0,2,0.08984999,209.58,16121578127360
8058.T,Mitsubishi Corporation,2023,21571973000000.0,0.36417833325755355,1930138000000.0,1556999000000.0,69.333332,2,0.08984999,209.58,16121578127360
8058.T,Mitsubishi Corporation,2024,19567601000000.0,0.38550861030201233,1347380000000.0,1251550000000.0,85.0,2,0.08984999,209.58,16121578127360
8058.T,Mitsubishi Corporation,2025,18617601000000.0,0.4358331165498641,1658349000000.0,1536624000000.0,105.0,2,0.08984999,209.58,16121578127360
8058.T,Mitsubishi Corporation,2026,18915995000000.0,0.39088631253417205,1490041000000.0,1841464000000.0,55.0,1,0.08984999,209.58,16121578127360
8306.T,"Mitsubishi UFJ Financial Group, Inc.",2016,,,,,18.0,2,0.11911,212.22,36593452711936
8306.T,"Mitsubishi UFJ Financial Group, Inc.",2017,,,,,18.0,2,0.11911,212.22,36593452711936
8306.T,"Mitsubishi UFJ Financial Group, Inc.",2018,,,,,21.0,2,0.11911,212.22,36593452711936
8306.T,"Mitsubishi UFJ Financial Group, Inc.",2019,,,,,23.5,2,0.11911,212.22,36593452711936
8306.T,"Mitsubishi UFJ Financial Group, Inc.",2020,,,,,25.0,2,0.11911,212.22,36593452711936
8306.T,"Mitsubishi UFJ Financial Group, Inc.",2021,,,,,26.0,2,0.11911,212.22,36593452711936
8306.T,"Mitsubishi UFJ Financial Group, Inc.",2022,,,,,30.5,2,0.11911,212.22,36593452711936
8306.T,"Mitsubishi UFJ Financial Group, Inc.",2023,6057232000000.0,0.044548382365056816,13431773000000.0,113630172000000.0,36.5,2,0.11911,212.22,36593452711936
8306.T,"Mitsubishi UFJ Financial Group, Inc.",2024,5879775000000.0,0.04852073397386719,-9844860000000.0,109875097000000.0,45.5,2,0.11911,212.22,36593452711936
8306.T,"Mitsubishi UFJ Financial Group, Inc.",2025,6838439000000.0,0.04967251118718582,6415000000.0,109095437000000.0,74.0,2,0.11911,212.22,36593452711936
8306.T,"Mitsubishi UFJ Financial Group, Inc.",2026,7521125000000.0,0.051592338116555704,-23064420000000.0,90045500000000.0,51.0,1,0.11911,212.22,36593452711936
8316.T,"Sumitomo Mitsui Financial Group, Inc.",2016,,,,,50.0,2,0.09776,411.58,24362497343488
8316.T,"Sumitomo Mitsui Financial Group, Inc.",2017,,,,,51.666668,2,0.09776,411.58,24362497343488
8316.T,"Sumitomo Mitsui Financial Group, Inc.",2018,,,,,58.333332,2,0.09776,411.58,24362497343488
8316.T,"Sumitomo Mitsui Financial Group, Inc.",2019,,,,,61.666668,2,0.09776,411.58,24362497343488
8316.T,"Sumitomo Mitsui Financial Group, Inc.",2020,,,,,65.0,2,0.09776,411.58,24362497343488
8316.T,"Sumitomo Mitsui Financial Group, Inc.",2021,,,,,66.666668,2,0.09776,411.58,24362497343488
8316.T,"Sumitomo Mitsui Financial Group, Inc.",2022,,,,,73.333332,2,0.09776,411.58,24362497343488
8316.T,"Sumitomo Mitsui Financial Group, Inc.",2023,3719458000000.0,0.04689448781749253,-5895185000000.0,75913960000000.0,86.666668,2,0.09776,411.58,24362497343488
8316.T,"Sumitomo Mitsui Financial Group, Inc.",2024,4433371000000.0,0.049658592411923747,642862000000.0,78143100000000.0,105.0,2,0.09776,411.58,24362497343488
8316.T,"Sumitomo Mitsui Financial Group, Inc.",2025,5066269000000.0,0.048008698780436065,4848464000000.0,75590583000000.0,140.0,2,0.09776,411.58,24362497343488
8316.T,"Sumitomo Mitsui Financial Group, Inc.",2026,5791563000000.0,0.048053313381498826,-10283139000000.0,73696930000000.0,79.0,1,0.09776,411.58,24362497343488
8411.T,"Mizuho Financial Group, Inc.",2016,,,,,75.0,2,0.11439,502.71,18989602308096
8411.T,"Mizuho Financial Group, Inc.",2017,,,,,75.0,2,0.11439,502.71,18989602308096
8411.T,"Mizuho Financial Group, Inc.",2018,,,,,75.0,2,0.11439,502.71,18989602308096
8411.T,"Mizuho Financial Group, Inc.",2019,,,,,75.0,2,0.11439,502.71,18989602308096
8411.T,"Mizuho Financial Group, Inc.",2020,,,,,75.0,2,0.11439,502.71,18989602308096
8411.T,"Mizuho Financial Group, Inc.",2021,,,,,77.5,2,0.11439,502.71,18989602308096
8411.T,"Mizuho Financial Group, Inc.",2022,,,,,82.5,2,0.11439,502.71,18989602308096
8411.T,"Mizuho Financial Group, Inc.",2023,2670039000000.0,0.03592134252596759,8867246000000.0,67152100000000.0,92.5,2,0.11439,502.71,18989602308096
8411.T,"Mizuho Financial Group, Inc.",2024,2971068000000.0,0.036718918497169815,1884978000000.0,72968900000000.0,120.0,2,0.11439,502.71,18989602308096
8411.T,"Mizuho Financial Group, Inc.",2025,3809305000000.0,0.036856554814174276,-3820800000000.0,72483086000000.0,147.5,2,0.11439,502.71,18989602308096
8411.T,"Mizuho Financial Group, Inc.",2026,4316919000000.0,0.03744217981547263,-4838533000000.0,61567751000000.0,72.5,1,0.11439,502.71,18989602308096
8766.T,"Tokio Marine Holdings, Inc.",2016,,,,,41.666668,2,0.18701,278.88,13196414943232
8766.T,"Tokio Marine Holdings, Inc.",2017,,,,,50.833336,2,0.18701,278.88,13196414943232
8766.T,"Tokio Marine Holdings, Inc.",2018,,,,,80.0,2,0.18701,278.88,13196414943232
8766.T,"Tokio Marine Holdings, Inc.",2019,,,,,73.333332,2,0.18701,278.88,13196414943232
8766.T,"Tokio Marine Holdings, Inc.",2020,,,,,76.666668,2,0.18701,278.88,13196414943232
8766.T,"Tokio Marine Holdings, Inc.",2021,,,,,73.333332,2,0.18701,278.88,13196414943232
8766.T,"Tokio Marine Holdings, Inc.",2022,5751641000000.0,0.14757016958030897,1102240000000.0,848819000000.0,95.0,2,0.18701,278.88,13196414943232
8766.T,"Tokio Marine Holdings, Inc.",2023,6314108000000.0,0.13082395831668056,1007710000000.0,871993000000.0,110.5,2,0.18701,278.88,13196414943232
8766.T,"Tokio Marine Holdings, Inc.",2024,7080313000000.0,0.16919948243609084,1072124000000.0,896898000000.0,143.5,2,0.18701,278.88,13196414943232
8766.T,"Tokio Marine Holdings, Inc.",2025,7584167000000.0,0.16252478604132106,1345080000000.0,1071138000000.0,196.5,2,0.18701,278.88,13196414943232
8766.T,"Tokio Marine Holdings, Inc.",2026,,,,,112.5,1,0.18701,278.88,13196414943232
9432.T,"NTT, Inc.",2016,,,,,2.4,2,0.10042,12.61,11749429346304
9432.T,"NTT, Inc.",2017,,,,,2.7,2,0.10042,12.61,11749429346304
9432.T,"NTT, Inc.",2018,,,,,3.2,2,0.10042,12.61,11749429346304
9432.T,"NTT, Inc.",2019,,,,,3.8,2,0.10042,12.61,11749429346304
9432.T,"NTT, Inc.",2020,,,,,3.9,2,0.10042,12.61,11749429346304
9432.T,"NTT, Inc.",2021,,,,,4.2,2,0.10042,12.61,11749429346304
9432.T,"NTT, Inc.",2022,,,,,4.8,2,0.10042,12.61,11749429346304
9432.T,"NTT, Inc.",2023,13136194000000.0,0.3382750564219608,2261013000000.0,793920000000.0,4.9,2,0.10042,12.61,11749429346304
9432.T,"NTT, Inc.",2024,13374569000000.0,0.33252553191482176,2374159000000.0,982874000000.0,5.2,2,0.10042,12.61,11749429346304
9432.T,"NTT, Inc.",2025,13704727000000.0,0.34001140225177007,2364031000000.0,1000994000000.0,5.25,2,0.10042,12.61,11749429346304
9432.T,"NTT, Inc.",2026,14409121000000.0,0.20820549805817518,1485190000000.0,1921882000000.0,2.65,1,0.10042,12.61,11749429346304
9433.T,KDDI Corporation,2016,,,,,37.5,2,0.14006,183.65,10206776918016
9433.T,KDDI Corporation,2017,,,,,45.0,2,0.14006,183.65,10206776918016
9433.T,KDDI Corporation,2018,,,,,47.5,2,0.14006,183.65,10206776918016
9433.T,KDDI Corporation,2019,,,,,55.0,2,0.14006,183.65,10206776918016
9433.T,KDDI Corporation,2020,,,,,60.0,2,0.14006,183.65,10206776918016
9433.T,KDDI Corporation,2021,,,,,60.0,2,0.14006,183.65,10206776918016
9433.T,KDDI Corporation,2022,,,,,65.0,2,0.14006,183.65,10206776918016
9433.T,KDDI Corporation,2023,5630024000000.0,0.42712891483969506,1078869000000.0,480252000000.0,70.0,2,0.14006,183.65,10206776918016
9433.T,KDDI Corporation,2024,5699724000000.0,0.3691309749677725,1706498000000.0,887207000000.0,70.0,2,0.14006,183.65,10206776918016
9433.T,KDDI Corporation,2025,5835525000000.0,0.3010818376246836,1249042000000.0,921175000000.0,77.5,2,0.14006,183.65,10206776918016
9433.T,KDDI Corporation,2026,6071915000000.0,0.2663086116385335,1788853000000.0,1078807000000.0,40.0,1,0.14006,183.65,10206776918016
9984.T,SoftBank Group Corp.,2016,,,,,5.375,2,0.32724,872.26,35481496584192
9984.T,SoftBank Group Corp.,2017,,,,,5.5,2,0.32724,872.26,35481496584192
9984.T,SoftBank Group Corp.,2018,,,,,5.5,2,0.32724,872.26,35481496584192
9984.T,SoftBank Group Corp.,2019,,,,,8.25,2,0.32724,872.26,35481496584192
9984.T,SoftBank Group Corp.,2020,,,,,11.0,2,0.32724,872.26,35481496584192
9984.T,SoftBank Group Corp.,2021,,,,,11.0,2,0.32724,872.26,35481496584192
9984.T,SoftBank Group Corp.,2022,6221534000000.0,0.20981687326886483,2725450000000.0,5169001000000.0,11.0,2,0.32724,872.26,35481496584192
9984.T,SoftBank Group Corp.,2023,6570439000000.0,0.2055210617318209,741292000000.0,6925153000000.0,11.0,2,0.32724,872.26,35481496584192
9984.T,SoftBank Group Corp.,2024,6756500000000.0,0.23889365098970142,250547000000.0,6186874000000.0,11.0,2,0.32724,872.26,35481496584192
9984.T,SoftBank Group Corp.,2025,7243752000000.0,0.25684461878719916,203580000000.0,3713028000000.0,11.0,2,0.32724,872.26,35481496584192
9984.T,SoftBank Group Corp.,2026,,,,,5.5,1,0.32724,872.26,35481496584192
