Symbol,Company,CurrentPrice,TotalScore,DividendYield,AvgYield2Y,MaxYield2Y,MarketCap,SizeCategory,SectorJP,SplitFlag,BuySignal,Problem,AvgGrowthRate,CumulativeDividend
3134.T,Hamee Corp.,265.0,67,0.08490566037735849,0.05377221068740176,0.09,4048253184.0,超小型,一般消費財・サービス,,☆,,0.492924513757847,累進
9733.T,Nagase Brothers Inc.,2330.0,79,0.06437768240343347,0.06146539338385164,0.06858710562414266,59681234944.0,小型,生活必需品,,〇,,0.1153846204733729,累進
8999.T,Grandy House Corporation,506.0,44,0.06324110671936758,0.0625157336584525,0.06876390671345464,14642911232.0,超小型,不動産,,〇,ROE低い/営業CF合計マイナス/EPS低い,0.1191607238708687,累進
417A.T,Unknown,1784.5,100,0.06164191650322219,0.03740346443046732,0.060689591870244995,357393072128.0,大型,生活必需品,Split,☆,,0.1254936100279516,累進
5161.T,"Nishikawa Rubber Co., Ltd.",3015.0,97,0.06069651741293532,0.08028673556690376,0.18749499530303115,107822489600.0,中型,一般消費財・サービス,,×,,0.3381332962034716,
3925.T,Double Standard Inc.,1180.0,71,0.059322033898305086,0.05060283409889398,0.060922541340295906,15556739072.0,超小型,情報技術,,◎,配当性向70%以上2回,0.3145946645946645,累進
2479.T,JTEC Corporation,227.0,72,0.05726872246696035,0.05273476613974988,0.05909090909090909,1822151680.0,超小型,情報技術,,◎,,0.5555555555555556,累進
6809.T,TOA Corporation,1576.0,87,0.05710659898477157,0.049447745848439806,0.07955651515854127,54923550720.0,小型,資本財・サービス,,△,,0.1420503811808159,
1418.T,"Interlife Holdings Co., Ltd.",527.0,76,0.056925996204933584,0.06569123873673709,0.11077815160595865,7886291456.0,超小型,資本財・サービス,,×,,0.2611111111111111,累進
1870.T,"Yahagi Construction Co.,Ltd.",1833.0,84,0.05455537370430987,0.04559034567598064,0.07687669015112356,78202085376.0,小型,資本財・サービス,,△,,0.1595071670643565,
6070.T,"Careerlink Co., Ltd.",2217.0,60,0.05412719891745602,0.05694427976802271,0.06643562697000989,26069229568.0,超小型,資本財・サービス,,×,,0.5502244668911335,累進
5195.T,"Bando Chemical Industries, Ltd.",2223.0,94,0.05398110661268556,0.04651723673435177,0.0606063135370566,90511212544.0,小型,資本財・サービス,,〇,,0.1684798296146696,
8881.T,"NISSHIN GROUP HOLDINGS Company, Limited",649.0,70,0.053929121725731895,0.05058563920842032,0.056451612903225805,29984366592.0,超小型,不動産,,◎,営業CF合計マイナス,0.1065937149270482,累進
4619.T,"Nihon Tokushu Toryo Co., Ltd.",2342.0,83,0.0533731853116994,0.061300952705478653,0.10724339100687678,49589420032.0,小型,一般消費財・サービス,,×,,0.1481186064547802,
2379.T,DIP Corporation,1798.0,87,0.052836484983314794,0.0369088158218175,0.05048088321307604,91097571328.0,小型,コミュニケーション・サービス,,☆,配当性向70%以上2回,0.1280723454003143,
7593.T,"Vt Holdings Co.,Ltd.",455.0,82,0.05274725274725275,0.03976360254364578,0.05622252748725769,52198572032.0,小型,一般消費財・サービス,,〇,自己資本比率低い,0.0467040829022911,累進
256A.T,TOBISHIMA HOLDINGS Inc.,1998.0,77,0.052552552552552555,0.0545274778055846,0.06442215525173205,37654253568.0,超小型,資本財・サービス,,×,,0.1928571428571428,累進
8130.T,Sangetsu Corporation,2956.0,100,0.05243572395128552,0.041540421479234195,0.05957090333690138,173435518976.0,中型,一般消費財・サービス,,〇,,0.1480835833773673,累進
6381.T,ANEST IWATA Corporation,1691.0,97,0.0514488468361916,0.04285712771387177,0.06645929826222641,66136096768.0,小型,資本財・サービス,,〇,,0.1392750187470684,累進
7949.T,"Komatsu Wall Industry Co., Ltd.",2541.0,92,0.05116096025186934,0.045295971901398197,0.08074392436959467,44459782144.0,小型,資本財・サービス,,△,,0.1545555479379009,累進
2168.T,Pasona Group Inc.,1472.0,51,0.050951086956521736,0.04443038383600527,0.05380200860832138,52069285888.0,小型,資本財・サービス,,〇,ROE低い/EPS低い,0.2679972723832373,累進
7508.T,G-7 Holdings Inc.,1385.0,97,0.05054151624548736,0.035705106296651835,0.03897116134060795,59064520704.0,小型,生活必需品,,☆,,0.1498664306768749,累進
5285.T,Yamax Corp.,1309.0,92,0.05042016806722689,0.04683197585255305,0.05536912751677853,12436407296.0,超小型,素材,,〇,,0.3531746031746032,
7608.T,"SK Japan Co.,Ltd.",754.0,84,0.050397877984084884,0.044231474645905926,0.06352578286687126,12549286912.0,超小型,一般消費財・サービス,Split,△,,0.2698458948458948,
1867.T,UEKI Corporation,2410.0,59,0.04979253112033195,0.05134715164683248,0.06366550739279955,15648902144.0,超小型,資本財・サービス,,×,,0.1080367163700496,累進
4743.T,ITFOR Inc.,1621.0,86,0.049352251696483655,0.03678476243011445,0.046560504940078254,42129342464.0,小型,情報技術,,☆,,0.181938552964263,
7914.T,"Kyodo Printing Co., Ltd.",1581.0,83,0.04933586337760911,0.043180291771703606,0.07239226196735028,43321724928.0,小型,資本財・サービス,,△,,0.1509479717813051,
5284.T,"Yamau Holdings Co., Ltd.",2230.0,89,0.04932735426008968,0.06064524316013632,0.08176472946584293,13359711232.0,超小型,素材,,×,,0.4892598829583075,累進
4783.T,"NCD Co., Ltd.",2434.0,90,0.049301561216105176,0.03359014128317341,0.04974795589406572,19101849600.0,超小型,情報技術,,◎,,0.3574126755804573,
9385.T,Shoei Corporation,711.0,82,0.04922644163150492,0.04649338714298006,0.05728890525981164,5424539136.0,超小型,コミュニケーション・サービス,,〇,,0.1301994301994301,累進
9709.T,"NCS&A Co., Ltd.",1180.0,89,0.04915254237288136,0.04814551413220355,0.08734501930561464,17679902720.0,超小型,情報技術,,△,,0.2215728715728715,累進
2767.T,Tsuburaya Fields Holdings Inc.,1425.0,88,0.04912280701754386,0.04052393815362398,0.05247376311844078,85908373504.0,小型,一般消費財・サービス,,〇,,0.4092592592592592,
9474.T,"Zenrin Co., Ltd.",856.0,86,0.04906542056074766,0.03530218119091924,0.053345895573414535,45218426880.0,小型,コミュニケーション・サービス,,◎,,0.0730105249159909,累進
8877.T,Eslead Corporation,4910.0,80,0.048879837067209775,0.03798056390341023,0.058396897776080224,75603697664.0,小型,不動産,,〇,営業CF合計マイナス,0.2926406926406926,累進
1717.T,Meiho Facility Works Ltd.,905.0,84,0.04861878453038674,0.04817191034797766,0.053375642196775,10629824512.0,超小型,資本財・サービス,,〇,,0.2521640590245241,
2136.T,HIP Corporation,1452.0,87,0.048209366391184574,0.05172950042544716,0.0625673860880745,5517527040.0,超小型,資本財・サービス,,×,,0.1903703703703703,
3393.T,"Startia Holdings,Inc.",3030.0,84,0.04785478547854786,0.047090645958386926,0.06956994361029961,27936630784.0,超小型,情報技術,,△,,0.5045763407372217,
8103.T,Meiwa Corporation,879.0,81,0.04778156996587031,0.05949549879887343,0.07417890175279736,33285588992.0,超小型,資本財・サービス,,×,,0.5244970365685104,
1799.T,Daiichi Kensetsu Corporation,3360.0,84,0.047619047619047616,0.05115828274361202,0.06339871047537246,58414710784.0,小型,資本財・サービス,,×,,0.2163133344505893,累進
6088.T,SIGMAXYZ Holdings Inc.,548.0,91,0.04744525547445255,0.03600552778633798,0.050387596899224806,42878775296.0,小型,資本財・サービス,,〇,,0.2586516878183544,累進
8097.T,"San-Ai Obbli Co., Ltd.",2111.0,87,0.04737091425864519,0.042425784962043474,0.06805874153970108,129210474496.0,中型,エネルギー,,△,,0.2206488358662272,累進
9990.T,Sac's Bar Holdings Inc.,745.0,81,0.04697986577181208,0.04396337710666723,0.04964539007092199,21414297600.0,超小型,一般消費財・サービス,,〇,,0.0493827160493827,
5351.T,"Shinagawa Refra Co., Ltd.",1917.0,86,0.046948356807511735,0.04145073132075288,0.06684632462627195,86976724992.0,小型,資本財・サービス,,△,,0.2707520874187541,
7246.T,"Press Kogyo Co., Ltd.",789.0,81,0.046894803548795945,0.047717453730217844,0.07874709937289602,77066829824.0,小型,一般消費財・サービス,,×,,0.237680516535335,
6737.T,EIZO Corporation,2346.0,78,0.04688832054560955,0.0413683418245641,0.06163041361255042,92588261376.0,小型,情報技術,,△,,0.1289973798676509,累進
8070.T,"Tokyo Sangyo Co., Ltd.",812.0,69,0.046798029556650245,0.03881716502314047,0.06309609120605932,21026934784.0,超小型,資本財・サービス,,〇,自己資本比率低い,0.1104650493539382,累進
4914.T,Takasago International Corporation,1116.0,86,0.04659498207885305,0.037373384260625565,0.0595886175650372,109683056640.0,中型,素材,Split,〇,,0.1511009454850034,
2181.T,"Persol Holdings Co.,Ltd.",247.6999969482422,90,0.046427130164248515,0.03578096074188687,0.04978792696601492,542276583424.0,大型,資本財・サービス,,〇,,0.2677446129136611,
5279.T,"Nihon Kogyo Co., Ltd.",1188.0,85,0.046296296296296294,0.047457063269832074,0.058776628899884394,3403570688.0,超小型,資本財・サービス,,×,,0.087037037037037,累進
5970.T,G-Tekt Corporation,2092.0,84,0.045889101338432124,0.04531344110445846,0.07053871240564617,87937056768.0,小型,一般消費財・サービス,,△,,0.1203356190595883,累進
2127.T,Nihon M&A Center Holdings Inc.,634.0,94,0.04574132492113565,0.03815321863297135,0.06166841635863457,196804313088.0,中型,金融,,△,,0.1727261988057735,累進
9698.T,"Creo Co.,Ltd.",1204.0,81,0.04568106312292359,0.04911039507579317,0.05356547706849172,9309086720.0,超小型,情報技術,,×,,0.166080586080586,
3918.T,"PCI Holdings, Inc.",1249.0,84,0.045636509207365894,0.04377241846674008,0.06124852007410356,12282791936.0,超小型,情報技術,,△,,0.0700191882987581,
7241.T,"Futaba Industrial Co., Ltd.",943.0,89,0.04559915164369035,0.04102788496445758,0.06620859535694958,84391370752.0,小型,一般消費財・サービス,,△,,0.5194194194194195,累進
1768.T,Sonec Corporation,1099.0,74,0.04549590536851683,0.04005454291215782,0.05065856129685917,8013988864.0,超小型,資本財・サービス,,〇,,0.143019943019943,累進
2918.T,"Warabeya Nichiyo Holdings Co., Ltd.",2643.0,87,0.04540295119182747,0.03598482794105758,0.05842409798425451,45107871744.0,小型,生活必需品,,〇,,0.1594276094276094,
1914.T,"Japan Foundation Engineering Co., Ltd.",667.0,82,0.044977511244377814,0.04390250001207078,0.047193661270645546,11926145024.0,超小型,資本財・サービス,,◎,,0.1423076923076923,累進
2733.T,Arata Corporation,2494.0,87,0.04490777866880513,0.02970330478924111,0.03970444525233411,81582743552.0,小型,一般消費財・サービス,,☆,,0.1559441839126889,累進
9658.T,Business Brain Showa-Ota Inc.,1004.0,84,0.044820717131474105,0.035870277847466554,0.05564678202707094,32228712448.0,超小型,情報技術,Split,〇,,0.2602589266038559,累進
3817.T,"SRA Holdings, Inc.",4465.0,92,0.04479283314669653,0.03521052140730924,0.04990933155202989,56157634560.0,小型,情報技術,,〇,,0.1189606689606689,
3139.T,"Lacto Japan Co., Ltd.",3310.0,70,0.04471299093655589,0.033765420570841156,0.05481972683619855,32349052928.0,超小型,生活必需品,,〇,営業CF合計マイナス,0.2819001417685628,累進
1719.T,Hazama Ando Corporation,1789.5,92,0.044705224923162895,0.04387005021207629,0.0768823512090822,275408224256.0,中型,資本財・サービス,,△,,0.2037698412698412,累進
7235.T,"Tokyo Radiator Mfg.Co.,Ltd.",1454.0,87,0.04470426409903714,0.05083630565458404,0.09049293257467524,13501321216.0,超小型,一般消費財・サービス,,×,,0.2314461682108741,
3861.T,Oji Holdings Corporation,805.2999877929688,81,0.04470383775698639,0.0355136484167775,0.054324255859817955,670385569792.0,大型,素材,,〇,現金比率低い,0.1385373885373885,累進
7240.T,NOK Corporation,2908.5,84,0.04469657899260787,0.042029464141853295,0.06929788659210245,463748235264.0,大型,一般消費財・サービス,,△,,0.1556878306878306,
8864.T,"Airport Facilities Co., Ltd.",942.0,92,0.044585987261146494,0.03652925183647848,0.05588891713858569,45874491392.0,小型,不動産,,〇,,0.1225285435811751,累進
1847.T,"Ichiken Co., Ltd.",2590.0,84,0.0444015444015444,0.04559349041738386,0.0672948708436238,37555335168.0,超小型,不動産,Split,×,,0.1973775017253277,
6183.T,"BELLSYSTEM24 Holdings, Inc.",1353.0,81,0.04434589800443459,0.036987885296495646,0.05591647294833574,99251003392.0,小型,資本財・サービス,,△,現金比率低い,0.0627798127798127,累進
7769.T,"Rhythm Co.,Ltd.",3785.0,90,0.04428005284015852,0.03546667801324413,0.04943952802359882,29657139200.0,超小型,一般消費財・サービス,,〇,,0.1164986636120656,累進
6345.T,Aichi Corporation,1361.0,86,0.0440852314474651,0.03815850666291738,0.05684936764580435,87736131584.0,小型,資本財・サービス,,△,,0.1644066922811162,累進
3023.T,Rasa Corporation,1815.0,82,0.0440771349862259,0.04030739543551202,0.06272173345601606,18982703104.0,超小型,素材,,△,,0.2305888235752293,
7937.T,"Tsutsumi Jewelry Co.,Ltd.",2613.0,80,0.0440107156525067,0.03500791122014377,0.047310592874342465,40473001984.0,小型,一般消費財・サービス,,〇,営業CF合計マイナス,0.1502645502645502,累進
8101.T,GSI Creos Corporation,2372.0,77,0.04384485666104553,0.04889637962392366,0.059793519183274996,28362608640.0,超小型,一般消費財・サービス,,×,,0.3181401925295307,累進
9651.T,"Japan Process Development Co., Ltd.",1734.0,72,0.04382929642445214,0.039474533310679155,0.059216869969036356,16470845440.0,超小型,情報技術,,△,,0.1671915738582405,累進
5021.T,"Cosmo Energy Holdings Co., Ltd.",3775.0,76,0.04370860927152318,0.040978408729573625,0.06614306020482583,596572241920.0,大型,エネルギー,Split,△,,0.3062830687830688,累進
8091.T,"Nichimo Co., Ltd.",2295.0,77,0.04357298474945534,0.038181563969120313,0.060854335193349124,19037911040.0,超小型,生活必需品,,△,,0.1958214624881291,累進
3353.T,"Medical Ikkou Group Co.,Ltd.",2760.0,87,0.043478260869565216,0.03326302936727432,0.04995884432849721,10318508032.0,超小型,資本財・サービス,,〇,,0.0627541757443718,
4094.T,"Nihon Kagaku Sangyo Co., Ltd.",2072.0,81,0.04343629343629344,0.04040072309960985,0.07250957092307984,41042800640.0,小型,素材,,△,ROE低い,0.2084928214904893,累進
4674.T,Cresco Ltd.,1474.0,92,0.04341926729986431,0.03470529469521427,0.053550160125392536,58209583104.0,小型,情報技術,,〇,,0.1775698302626945,
3183.T,"WIN-Partners Co., Ltd.",1244.0,90,0.04340836012861737,0.043993905085210644,0.04767629222993863,34153553920.0,超小型,ヘルスケア,,×,,0.1162957553059838,累進
3682.T,"Encourage Technologies Co., Ltd.",601.0,80,0.04326123128119801,0.044524360250938,0.04928750020982685,4057504000.0,超小型,情報技術,,×,ROE低い/配当性向70%以上2回,0.0890123456790123,累進
6486.T,"Eagle Industry Co.,Ltd.",2897.0,90,0.043148084225060404,0.04174042822284107,0.07067741437308736,130028101632.0,中型,資本財・サービス,,△,,0.119634207572804,
6947.T,Zuken Inc.,4640.0,97,0.04310344827586207,0.028996591846082713,0.03627847984666674,94946279424.0,小型,情報技術,,☆,,0.2070579346346459,累進
9233.T,"Asia Air Survey Co., Ltd.",1138.0,72,0.04305799648506151,0.030167429817867193,0.045838343055198155,20637136896.0,超小型,資本財・サービス,,◎,,0.2579706434545144,累進
4611.T,"Dai Nippon Toryo Company, Limited",1350.0,79,0.04296296296296296,0.046284570693777595,0.049796201260721894,38273794048.0,超小型,素材,,×,ROE低い/配当性向70%以上2回,0.1325396825396825,累進
4752.T,Showa System Engineering Corporation,1540.0,87,0.04285714285714286,0.043002335087615626,0.04536082474226804,6348940800.0,超小型,情報技術,,×,,0.1549038389302081,
8860.T,Fuji Corporation Limited,747.0,85,0.0428380187416332,0.03729415364294135,0.05902874728900377,26595196928.0,超小型,不動産,,△,,0.0314339981006647,累進
3635.T,"Koei Tecmo Holdings Co., Ltd.",1543.0,91,0.04277381723914452,0.03845880184502158,0.04607329842931937,503635836928.0,大型,コミュニケーション・サービス,,〇,,0.1769714142339565,
2163.T,"Artner Co., Ltd.",1970.0,95,0.04263959390862944,0.03609434201001679,0.05581916914994134,20658743296.0,超小型,資本財・サービス,,△,,0.292122234483967,累進
1928.T,"Sekisui House, Ltd.",3381.0,95,0.04259094942324756,0.03431728112398882,0.04973395263027134,2165115584512.0,超大型,一般消費財・サービス,,〇,,0.1069814026087249,
6089.T,"Will Group, Inc.",1036.0,84,0.04247104247104247,0.04593187214267327,0.054623533864467874,23439771648.0,超小型,資本財・サービス,,×,,0.1908616264541243,累進
3231.T,"Nomura Real Estate Holdings, Inc.",943.7999877929688,70,0.04238186111184224,0.03437222126554412,0.04886520255553637,790997762048.0,大型,不動産,,〇,営業CF合計マイナス,0.1320587375347293,累進
5857.T,"ARE Holdings, Inc.",2951.0,82,0.04235852253473399,0.03888744583287544,0.06513485785899528,250528268288.0,中型,資本財・サービス,,△,現金比率低い,0.1559327195633331,
1518.T,"Mitsui Matsushima Holdings Co., Ltd.",1512.0,86,0.042328042328042326,0.03959548633231397,0.06036382331043673,55467884544.0,小型,エネルギー,Split,△,,0.373953823953824,
5911.T,Yokogawa Bridge Holdings Corp.,2839.0,77,0.042268404367735116,0.03480111731619923,0.05262166581801421,110749089792.0,中型,資本財・サービス,,〇,減収傾向,0.2537453015394191,累進
3766.T,"Systems Design Co., Ltd.",1310.0,82,0.04198473282442748,0.046357241779245606,0.05377010261813462,4426939392.0,超小型,情報技術,,×,,0.1835944919278252,
5714.T,"Dowa Holdings Co., Ltd.",8770.0,84,0.0419612314709236,0.04006275087008101,0.050810615334684485,517192712192.0,大型,素材,,〇,現金比率低い,0.0642025291148098,累進
9687.T,"KSK Co.,Ltd.",4315.0,77,0.04194669756662804,0.041376212112064055,0.047595120615524976,26133340160.0,超小型,情報技術,,〇,,0.1649442755825734,累進
5933.T,Alinco Incorporated,1057.0,81,0.041627246925260174,0.03438737703216334,0.05144935397123559,20856205312.0,超小型,情報技術,,〇,,0.0227089630598402,
7575.T,"Japan Lifeline Co., Ltd.",1300.0,88,0.04153846153846154,0.04030434893225335,0.04285714285714286,89867886592.0,小型,ヘルスケア,,◎,,0.3508550683483893,
4613.T,"Kansai Paint Co., Ltd.",2670.5,87,0.04119078824190227,0.03280440844486262,0.045746337307785906,463089795072.0,大型,素材,,〇,,0.1222300581426915,
4828.T,Business Engineering Corporation,1011.0,92,0.041147378832838775,0.02970576335372795,0.04401304061414537,58155458560.0,小型,情報技術,Split,◎,,0.3877148071730962,
3834.T,"Asahi Net, Inc.",609.0,90,0.041050903119868636,0.029985589774702583,0.0415655392453886,15702065152.0,超小型,コミュニケーション・サービス,,◎,,0.0378999929286376,累進
8739.T,"SPARX Group Co., Ltd.",2194.0,94,0.04102096627164995,0.05248149877315306,0.058658016476245044,85399986176.0,小型,金融,,×,,0.1691117524450857,
1964.T,"Chugai Ro Co., Ltd.",4055.0,80,0.04093711467324291,0.043854770326366796,0.054387126397222006,28334956544.0,超小型,資本財・サービス,,×,営業CF合計マイナス,0.139021164021164,
8016.T,"Onward Holdings Co., Ltd.",736.0,91,0.04076086956521739,0.04806922867874771,0.08063191027288505,98882977792.0,小型,一般消費財・サービス,,×,,0.0185185185185185,
8425.T,"Mizuho Leasing Company, Limited",1257.0,78,0.0405727923627685,0.03630297610347716,0.05860322093198579,349392961536.0,大型,金融,,△,営業CF合計マイナス/自己資本比率低い,0.1815856467974568,累進
8803.T,"Heiwa Real Estate Co., Ltd.",2427.0,77,0.0403790688092295,0.03510555159976632,0.04406502101209943,159493603328.0,中型,不動産,,〇,自己資本比率低い,0.2394456848975797,累進
3953.T,"Ohmura Shigyo Co.,Ltd.",744.0,65,0.04032258064516129,0.054623306448522105,0.07373634916681616,2635629824.0,超小型,一般消費財・サービス,,×,,0.2962962962962963,累進
9360.T,Suzuyo Shinwart Corporation,2731.0,90,0.040278286341999266,0.04025282662077261,0.048811103254868,7769536512.0,超小型,情報技術,,〇,,0.3037037037037037,累進
4410.T,"Harima Chemicals Group, Inc.",1045.0,71,0.04019138755980861,0.038702242706399326,0.05782070278410354,25452726272.0,超小型,素材,,△,,0.1329233044296565,累進
4290.T,Prestige International Inc.,647.0,97,0.0401854714064915,0.030749929446167792,0.04387448085167051,79830253568.0,小型,資本財・サービス,,〇,,0.2471342173096559,累進
4765.T,"SBI Global Asset Management Co., Ltd.",567.0,88,0.040123456790123455,0.03099372542015523,0.04016630921680743,77454524416.0,小型,金融,,◎,配当性向70%以上2回,0.1732243154977707,
9795.T,"Step Co.,Ltd.",2235.0,72,0.03982102908277405,0.029927706817033453,0.04291957922885168,34660589568.0,超小型,生活必需品,,〇,,0.1321266230798693,累進
3771.T,"System Research Co.,Ltd.",1759.0,95,0.039795338260375214,0.04132939047820708,0.0482974158642154,28592459776.0,超小型,情報技術,,×,,0.2763668430335097,累進
8041.T,OUG Holdings Inc.,4200.0,84,0.03976190476190476,0.038856943751487266,0.044410977620381556,22588901376.0,超小型,生活必需品,,〇,現金比率低い,0.0616931216931216,
6458.T,Sinko Industries Ltd.,1259.0,92,0.03971405877680699,0.035716257755262555,0.051726575921163795,84201234432.0,小型,資本財・サービス,,△,,0.1997092863621481,
9997.T,"Belluna Co., Ltd.",959.0,86,0.03962460896767466,0.03146538251057833,0.04073786814304577,90981171200.0,小型,一般消費財・サービス,,◎,,0.1022410509641692,累進
7164.T,"ZENKOKU HOSHO Co.,Ltd.",3030.0,100,0.039603960396039604,0.04071202446714606,0.060804079926079065,398585135104.0,大型,金融,,×,,0.2223966415008147,累進
9364.T,"Kamigumi Co., Ltd.",5179.0,89,0.0395829310677737,0.03630241648630795,0.05522603478624736,471688675328.0,大型,資本財・サービス,,△,,0.2533561260113199,累進
4540.T,Tsumura & Co.,3739.0,95,0.03931532495319604,0.030414708631233425,0.04244588046612931,277980020736.0,中型,ヘルスケア,,〇,,0.1067346003035669,累進
1925.T,"Daiwa House Industry Co., Ltd.",4452.0,90,0.03930817610062893,0.02774745683267052,0.03521785388983992,2739991478272.0,超大型,不動産,,☆,,0.0715211590844793,
2292.T,S Foods Inc.,2650.0,92,0.03924528301886793,0.030228547662912116,0.044242649516819825,83522453504.0,小型,生活必需品,,〇,,0.1311467109860724,累進
5280.T,"Yoshicon Co.,Ltd.",2166.0,59,0.039242843951985226,0.04166379148583405,0.05492897229716646,14536908800.0,超小型,不動産,,×,,0.1410963376802588,累進
4838.T,Space Shower Skiyaki Holdings Inc.,638.0,95,0.03918495297805643,0.03257167820268747,0.040453074433656956,10200032256.0,超小型,コミュニケーション・サービス,,◎,,0.0333333333333333,累進
9368.T,"Kimura Unity Co., Ltd.",871.0,84,0.03903559127439724,0.032908952403292696,0.05009386941883102,35779690496.0,超小型,資本財・サービス,Split,△,,0.2142057961141797,累進
6365.T,DMW Corporation,5390.0,72,0.03896103896103896,0.0367580122636967,0.054972918239346934,22495217664.0,超小型,資本財・サービス,,△,,0.1564786072103145,累進
3177.T,"Arigatou Services Company, Limited",3475.0,82,0.03884892086330935,0.04257381939240874,0.04829499353429114,3272503040.0,超小型,一般消費財・サービス,,×,,0.0360097709117316,
9845.T,Parker Corporation,1365.0,87,0.03882783882783883,0.031712392612226,0.04311713932967956,33913503744.0,超小型,資本財・サービス,,〇,,0.1888212975279044,
2659.T,"SAN-A CO.,LTD.",3220.0,77,0.03881987577639751,0.03640723914616616,0.044742784046331155,195650093056.0,中型,一般消費財・サービス,,〇,,0.171679821093711,累進
4547.T,"Kissei Pharmaceutical Co., Ltd.",4125.0,83,0.03878787878787879,0.02830199949797049,0.033779112827859045,168916664320.0,中型,ヘルスケア,,☆,営業CF合計マイナス,0.1145825891260792,累進
4299.T,"HIMACS, Ltd.",1186.0,95,0.0387858347386172,0.030341085128282295,0.04387752642587232,12361621504.0,超小型,情報技術,,〇,,0.1341078905630053,累進
7458.T,"Daiichikosho Co., Ltd.",1734.0,95,0.03863898500576701,0.030563339796216723,0.038670854993403635,172897861632.0,中型,一般消費財・サービス,,◎,,0.0060531628501146,
1815.T,Tekken Corporation,4420.0,69,0.038461538461538464,0.044179064251538835,0.05870513928420218,61156769792.0,小型,資本財・サービス,,×,営業CF合計マイナス,0.2818518518518519,累進
7990.T,"Globeride, Inc.",2343.0,84,0.03841229193341869,0.034274068893169626,0.05322620825105599,49405747200.0,小型,一般消費財・サービス,,△,,0.1629505759940542,累進
3352.T,"Buffalo Co.,Ltd.",1694.0,80,0.03837072018890201,0.03597219092681955,0.05533154290823139,3885373696.0,超小型,一般消費財・サービス,,△,,0.0896825396825396,
6995.T,"Tokai Rika Co., Ltd.",2999.0,84,0.0383461153717906,0.03559447505131018,0.056051544796240034,256182976512.0,中型,一般消費財・サービス,,△,,0.0737231182795699,
4763.T,"CREEK & RIVER Co., Ltd.",1306.0,95,0.03828483920367534,0.03399485654728847,0.041220115416323165,27040772096.0,超小型,資本財・サービス,,〇,,0.208146277590722,累進
4362.T,"Nippon Fine Chemical Co., Ltd.",2572.0,84,0.038102643856920686,0.03143482358043453,0.04822225089168291,56207478784.0,小型,素材,,〇,,0.1597833666462692,累進
7483.T,"Doshisha Co.,Ltd.",2887.0,95,0.03810183581572567,0.03214067627364188,0.04973058234637174,102726131712.0,中型,資本財・サービス,,△,,0.0764369889369889,累進
5011.T,"Nichireki Group Co., Ltd.",2102.0,81,0.038058991436726926,0.028303110922967063,0.04115473649658877,60097863680.0,小型,資本財・サービス,,〇,,0.1985871670192499,
8066.T,Mitani Corporation,2550.0,95,0.03803921568627451,0.03326031357820113,0.04895188089646298,209645813760.0,中型,資本財・サービス,,△,,0.3052840989028094,
3835.T,"eBASE Co.,Ltd.",401.0,86,0.03790523690773067,0.03476732670665957,0.039536371976886864,17577494528.0,超小型,情報技術,,◎,,0.2798181517455955,
8014.T,"Chori Co., Ltd.",3880.0,84,0.03788659793814433,0.035860357420999446,0.06272508321717077,94885093376.0,小型,資本財・サービス,,△,,0.1973117128388142,
6294.T,Okada Aiyon Corporation,1980.0,76,0.03787878787878788,0.03944634278300985,0.04563703781440169,15816558592.0,超小型,資本財・サービス,,×,,0.1645083451687825,累進
3580.T,"KOMATSU MATERE Co.,Ltd.",713.0,85,0.037868162692847124,0.0275714275999432,0.03945619648466596,26821345280.0,超小型,一般消費財・サービス,,◎,ROE低い,0.098003848003848,累進
8793.T,NEC Capital Solutions Limited,3980.0,62,0.03768844221105527,0.03126163384052615,0.047081390574618256,85532983296.0,小型,資本財・サービス,,〇,営業CF合計マイナス/自己資本比率低い,0.1641005084504146,累進
9310.T,Japan Transcity Corporation,1142.0,81,0.03765323992994746,0.035268828592339964,0.056848164073518136,69659025408.0,小型,資本財・サービス,,△,,0.2051449141874674,
9639.T,"Sankyo Frontier Co.,Ltd.",2262.0,91,0.03757736516357206,0.03359626332670732,0.04781222605146969,50273067008.0,小型,不動産,,△,,0.0973492606557122,累進
8725.T,"MS&AD Insurance Group Holdings, Inc.",4260.0,82,0.03755868544600939,0.03758586000978519,0.06076249814567571,6149670174720.0,超大型,金融,,×,,0.1896786411748169,累進
4709.T,ID Holdings Corporation,1070.0,90,0.037383177570093455,0.03587392023455093,0.055450924163736925,35986751488.0,超小型,情報技術,Split,△,,0.2335483520358294,
3176.T,"Sanyo Trading Co., Ltd.",791.0,66,0.03729456384323641,0.03135619367557056,0.047009911723523604,89704243200.0,小型,資本財・サービス,Split,△,,0.1017434421500669,累進
6488.T,Yoshitake Inc.,939.0,87,0.03727369542066028,0.03943821212992664,0.046536606518520734,11878455296.0,超小型,資本財・サービス,,×,,0.1530460334872099,
7819.T,SHOBIDO Corporation,886.0,77,0.03724604966139955,0.03447240208037605,0.05923302635803306,10943966208.0,超小型,生活必需品,,△,,0.1407605466428995,累進
7921.T,Takara & Company Ltd.,3230.0,79,0.03715170278637771,0.032103154404792104,0.05233904296106318,40981917696.0,小型,資本財・サービス,,△,,0.1279777050896332,累進
4206.T,"Aica Kogyo Company, Limited",3719.0,94,0.037106749126109166,0.03169999486311908,0.04508313076289822,233550462976.0,中型,資本財・サービス,,〇,,0.0954000513398588,累進
9305.T,Yamatane Corporation,2023.0,82,0.03707365299060801,0.027526018218066203,0.041065306655637894,42208059392.0,小型,資本財・サービス,,〇,,0.1642997434664101,
9682.T,DTS Corporation,999.0,95,0.037037037037037035,0.02832270972556466,0.04003872929662945,154480623616.0,中型,情報技術,Split,〇,,0.1851328846497928,
7955.T,Cleanup Corporation,891.0,90,0.037037037037037035,0.03620369309955126,0.05426131741253223,30927173632.0,超小型,一般消費財・サービス,,△,,0.0547008547008547,累進
3289.T,Tokyu Fudosan Holdings Corporation,1297.0,90,0.03700848111025443,0.031108219168224913,0.046813043258841495,905528803328.0,大型,不動産,,△,自己資本比率低い,0.1486825934452353,累進
9994.T,Yamaya Corporation,2027.0,82,0.0370004933399112,0.022891113646735926,0.029637253868928775,21715351552.0,超小型,生活必需品,,☆,,0.0742079968222295,累進
9908.T,"Nihon Denkei Co.,Ltd.",2630.0,82,0.03688212927756654,0.037493692327349455,0.05717818580242567,29143402496.0,超小型,資本財・サービス,,×,,0.1677481792441698,
4687.T,TDC SOFT Inc.,898.0,97,0.036748329621380846,0.029895404804680243,0.03896103896103896,40271970304.0,小型,情報技術,,〇,,0.2240891053391053,累進
8935.T,"FJ Next Holdings Co., Ltd.",1796.0,71,0.036748329621380846,0.038355008956884755,0.05732828908353478,57283571712.0,小型,不動産,,×,,0.1561181600439912,累進
6036.T,"KeePer Technical Laboratory Co., Ltd.",2753.0,79,0.03632401017072285,0.027600110879507426,0.04049493991207378,74422870016.0,小型,素材,,〇,,0.4914907648480747,累進
9432.T,"NTT, Inc.",146.0,90,0.036301369863013695,0.02759373380584909,0.03908867172202763,11749429346304.0,超大型,コミュニケーション・サービス,,〇,自己資本比率低い,0.0928282669093028,累進
4685.T,"Ryoyu Systems Co., Ltd.",2693.0,79,0.03620497586334943,0.026505696452686363,0.03932799183362012,33799720960.0,超小型,資本財・サービス,Split,◎,現金比率低い,0.2468120357009245,累進
7942.T,JSP Corporation,2490.0,87,0.03614457831325301,0.033043270313898455,0.04861130375997338,65727291392.0,小型,一般消費財・サービス,,△,,0.0812570145903479,
9312.T,"The Keihin Co., Ltd.",2768.0,82,0.036127167630057806,0.036858194925123336,0.04291823851593635,18044878848.0,超小型,資本財・サービス,,×,,0.0603174603174603,累進
1904.T,"Taisei Oncho Co., Ltd.",4955.0,84,0.03612512613521695,0.03212189404353402,0.05014468382559334,30492737536.0,超小型,資本財・サービス,,△,,0.2352338570124017,
2186.T,Sobal Corporation,914.0,85,0.036105032822757115,0.028949333183987118,0.041833764730104854,7127714816.0,超小型,情報技術,,〇,,0.0557024910585615,
6648.T,Kawaden Corporation,1801.0,82,0.03609106052193226,0.054516349845945576,0.12465167799666209,28940062720.0,超小型,資本財・サービス,Split,×,ROE低い,0.1422735760971055,
4503.T,Astellas Pharma Inc.,2171.0,92,0.03592814371257485,0.03708139320885491,0.06287019138089697,3842750808064.0,超大型,ヘルスケア,,×,現金比率低い,0.0984171623973674,累進
8095.T,"Astena Holdings Co., Ltd.",501.0,65,0.03592814371257485,0.03152023223349156,0.04786701399813782,20492556288.0,超小型,資本財・サービス,,△,,0.1389702889702889,累進
3371.T,Softcreate Holdings Corp.,1726.0,97,0.03592120509849363,0.024880041883031077,0.03552683549979183,42868056064.0,小型,情報技術,,☆,,0.2338686380159093,累進
9619.T,"Ichinen Holdings Co.,Ltd.",2228.0,87,0.03590664272890485,0.03458945172663285,0.054286039184023575,52516270080.0,小型,資本財・サービス,,△,,0.094524405313245,
3551.T,Dynic Corporation,1284.0,86,0.03582554517133956,0.042270702977994984,0.04819563001578183,10545697792.0,超小型,資本財・サービス,,×,,0.0259259259259259,
4097.T,"Koatsu Gas Kogyo Co., Ltd.",1120.0,81,0.03571428571428571,0.02783980965084506,0.04256952168787738,61165375488.0,小型,素材,,〇,,0.097421863482235,
8876.T,"Relo Group, Inc.",1932.0,87,0.03571428571428571,0.03273087633755393,0.04221237698903893,285801840640.0,中型,資本財・サービス,,〇,自己資本比率低い,0.1439209035421455,
7570.T,"Hashimoto Sogyo Holdings Co.,Ltd.",1405.0,90,0.03558718861209965,0.03220757476171171,0.04960972667426864,27029006336.0,超小型,資本財・サービス,,△,,0.1500222789333409,累進
1926.T,"Raito Kogyo Co., Ltd.",4075.0,100,0.03558282208588957,0.0383349397348992,0.05466425391410059,165086380032.0,中型,資本財・サービス,,×,,0.2203497490202223,累進
8174.T,"Nippon Gas Co., Ltd.",2896.0,86,0.035566298342541436,0.03110102401509488,0.04870653970425896,301562691584.0,大型,公益事業,,△,現金比率低い,0.2874852860611823,累進
4832.T,"JFE Systems, Inc.",1913.0,86,0.03554626241505489,0.03153822801023026,0.0503360237684128,59646976000.0,小型,情報技術,,△,,0.2866193864902175,
2815.T,"ARIAKE JAPAN Co., Ltd.",5070.0,95,0.03550295857988166,0.027874092365897846,0.03577509450868329,159565987840.0,中型,生活必需品,,◎,,0.1333117590470531,累進
6902.T,DENSO Corporation,1888.0,89,0.03548728813559322,0.02741509446122241,0.040386620422170394,5047580622848.0,超大型,一般消費財・サービス,,〇,,0.0918935949222687,累進
1433.T,"Besterra Co., Ltd.",1129.0,78,0.0354295837023915,0.024764034299369377,0.028894149781177606,9933080576.0,超小型,資本財・サービス,,☆,営業CF合計マイナス,0.2127214533641442,累進
1835.T,"Totetsu Kogyo Co., Ltd.",4240.0,87,0.03537735849056604,0.03398255504260733,0.05757066797680561,144483188736.0,中型,資本財・サービス,,△,,0.1618390635136103,
8473.T,"SBI Holdings, Inc.",2687.0,90,0.03535541496092296,0.0364888863395923,0.058739813966687815,1742995193856.0,超大型,金融,Split,×,自己資本比率低い,0.1794677544677544,累進
2053.T,"Chubu Shiryo Co., Ltd.",1841.0,76,0.03530689842476915,0.03176760437821078,0.04852965569536267,52342001664.0,小型,生活必需品,,△,,0.1439119774008947,累進
2317.T,Systena Corporation,398.0,100,0.035175879396984924,0.026667119690925514,0.03866767547300581,139765235712.0,中型,情報技術,,〇,,0.2247705816333267,累進
2676.T,"Takachiho Koheki Co.,Ltd.",2161.0,74,0.035168903285515966,0.0352476576123204,0.05529938199378299,40422510592.0,小型,資本財・サービス,,×,EPS低い,0.3549810787261401,累進
6741.T,"Nippon Signal Co., Ltd.",1594.0,97,0.03513174404015056,0.041221437629704344,0.05993658840261879,99169804288.0,小型,資本財・サービス,,×,,0.0912512719091292,累進
9306.T,"Toyo Logistics Co., Ltd.",1995.0,84,0.03508771929824561,0.03137485727880877,0.047910481324299044,14954388480.0,超小型,資本財・サービス,,△,,0.071940796013686,累進
9304.T,Shibusawa Logistics Corporation,1599.0,81,0.035021888680425266,0.039734277542138374,0.06325890374668709,91758166016.0,小型,資本財・サービス,Split,×,,0.1951594362506553,
9882.T,Yellow Hat Ltd.,1772.0,89,0.034988713318284424,0.03399626370772487,0.05150548931635881,150474178560.0,中型,一般消費財・サービス,,△,,0.1032519346168442,累進
6378.T,"Kimura Chemical Plants Co., Ltd.",1176.0,92,0.03486394557823129,0.04613756173070605,0.07103480043669212,22983139328.0,超小型,資本財・サービス,,×,,0.2621693121693121,
7292.T,Murakami Corporation,6890.0,92,0.03483309143686502,0.03254369415517195,0.04988779036388315,78199111680.0,小型,一般消費財・サービス,,△,,0.2752247950777362,累進
4345.T,"CTS Co., Ltd.",834.0,95,0.03477218225419664,0.02659285296694929,0.0394978707997078,34044399616.0,超小型,資本財・サービス,,〇,,0.2104062235123787,累進
3150.T,"grems,Inc.",2445.0,86,0.034764826175869123,0.03212947823309818,0.04338488996221299,56076673024.0,小型,公益事業,,〇,,0.5427450110770624,
4465.T,"Niitaka Co., Ltd.",2190.0,77,0.034703196347031964,0.03199822129519726,0.05050457653199031,12699789312.0,超小型,生活必需品,,△,,0.1877868623622091,累進
7504.T,Kohsoku Corporation,3345.0,84,0.03467862481315396,0.030376094991271908,0.0476057452324178,64819838976.0,小型,一般消費財・サービス,,△,現金比率低い,0.1436509074356208,累進
3036.T,ALCONIX Corporation,2522.0,81,0.0344964314036479,0.03654237914135884,0.0633926171287786,73108496384.0,小型,素材,,×,,0.1731595797135663,累進
2425.T,"Care Service Co.,Ltd.",638.0,72,0.034482758620689655,0.029689186047384047,0.03542673107890499,2366952448.0,超小型,ヘルスケア,,◎,,0.1445167202683542,累進
6912.T,Kikusui Holdings Corporation,2011.0,92,0.034311287916459474,0.039276575386741105,0.04875339591450459,17171179520.0,超小型,資本財・サービス,,×,,0.1162431232493066,
7203.T,Toyota Motor Corporation,2772.0,95,0.03427128427128427,0.027933880706062102,0.0431935090741113,32776034189312.0,超大型,一般消費財・サービス,,〇,,0.0994055334232914,累進
7438.T,Kondotec Inc.,1520.0,90,0.034210526315789476,0.027579035267139528,0.04054717596164035,38580613120.0,超小型,資本財・サービス,,〇,,0.0910790597002043,累進
9989.T,"Sundrug Co.,Ltd.",3833.0,82,0.03417688494651709,0.024919998648956877,0.03393119044135527,445353885696.0,大型,ヘルスケア,,☆,,0.1289037179921231,累進
4471.T,"Sanyo Chemical Industries, Ltd.",4980.0,90,0.03413654618473896,0.03250259795214898,0.052887713032508644,110606360576.0,中型,素材,,△,減収傾向,0.0763890341185027,累進
3676.T,"DIGITAL HEARTS HOLDINGS Co., Ltd.",733.0,89,0.034106412005457026,0.02330191821575345,0.031573422202101985,15854449664.0,超小型,情報技術,,☆,,0.0984276732885761,累進
6248.T,"Yokota Manufacturing Co., Ltd.",1764.0,72,0.034013605442176874,0.039682337313400165,0.06184479272180201,3268703744.0,超小型,資本財・サービス,,×,,0.1479550492947864,累進
4008.T,"Sumitomo Seika Chemicals Company, Limited.",1295.0,86,0.03397683397683398,0.03380294018325484,0.04888044347426762,83224395776.0,小型,素材,Split,△,,0.1237854737854737,累進
1301.T,"Kyokuyo Co., Ltd.",4415.0,69,0.03397508493771234,0.03354802028679609,0.03668067450337668,52081885184.0,小型,生活必需品,,〇,営業CF合計マイナス,0.1181657848324514,累進
3092.T,"ZOZO, Inc.",1148.5,87,0.03395733565520244,0.023467065287755107,0.0296905707381002,993539194880.0,大型,一般消費財・サービス,,☆,現金比率低い,0.2768408765808542,
5929.T,Sanwa Holdings Corporation,3847.0,94,0.03379256563556018,0.024589107174040267,0.03203428255639025,781763543040.0,大型,資本財・サービス,,☆,,0.2037749262298598,累進
9746.T,TKC Corporation,3405.0,82,0.033773861967694566,0.022702807272193114,0.031894049688488656,168055750656.0,中型,情報技術,,☆,,0.1227778394445061,累進
9171.T,"Kuribayashi Steamship Co., Ltd.",1780.0,71,0.033707865168539325,0.02970484123906072,0.036210018105009054,21325060096.0,超小型,資本財・サービス,,〇,,0.2314814814814814,累進
8131.T,"Mitsuuroko Group Holdings Co.,Ltd.",1958.0,87,0.033707865168539325,0.03395939496731916,0.03834979662986636,105792413696.0,中型,エネルギー,,×,,0.1585588221661039,累進
3837.T,Ad-Sol Nissin Corporation,1366.0,95,0.03367496339677892,0.028166988017234565,0.04301090853696638,22008274944.0,超小型,情報技術,,△,,0.1696033616201683,累進
8037.T,Kamei Corporation,3430.0,95,0.033527696793002916,0.035246031781555866,0.05905170507018043,105720782848.0,中型,エネルギー,,×,,0.2055034110589666,累進
4658.T,"Nippon Air conditioning Services Co., Ltd.",1613.0,92,0.03347799132052077,0.036904137518526704,0.0586503029234987,55109799936.0,小型,資本財・サービス,,×,,0.1438260262750499,
3799.T,Keyware Solutions Inc.,1017.0,70,0.03343166175024582,0.042354252605684935,0.08260878870846387,8453301760.0,超小型,情報技術,,×,,0.1962962962962963,累進
9928.T,"Miroku Jyoho Service Co., Ltd.",1795.0,97,0.033426183844011144,0.034229512154772906,0.03674721917482337,52371890176.0,小型,情報技術,,×,,0.1469795767559785,累進
9692.T,Computer Engineering & Consulting Ltd.,2095.0,97,0.03341288782816229,0.02602454480856866,0.03507277715428711,64262344704.0,小型,情報技術,,◎,,0.1734020095131206,累進
7628.T,Ohashi Technica Inc.,1113.0,85,0.03324348607367475,0.028807580984431383,0.04572171362409307,28134598656.0,超小型,一般消費財・サービス,Split,△,,0.0701615702612835,
2332.T,"Quest Co., Ltd.",1745.0,90,0.0332378223495702,0.042078708502941015,0.052204279833292976,8941535232.0,超小型,情報技術,,×,,0.0786484213033396,累進
9039.T,"Sakai Moving Service Co.,Ltd.",2950.0,92,0.033220338983050844,0.036495017700080276,0.05226445665595065,117558403072.0,中型,資本財・サービス,,×,,0.1584416380510389,
3921.T,NEOJAPAN Inc.,1566.0,95,0.033205619412515965,0.026629682290669286,0.03846160377687387,21279131648.0,超小型,情報技術,,〇,,0.4896836389483448,累進
4528.T,"Ono Pharmaceutical Co., Ltd.",2410.0,84,0.03319502074688797,0.034993124266554945,0.056302937570715875,1117204643840.0,超大型,ヘルスケア,,×,,0.09098640393352,
7840.T,"France Bed Holdings Co.,Ltd.",1239.0,87,0.033091202582728005,0.02639480396753442,0.0347077281573965,40914739200.0,小型,一般消費財・サービス,,◎,,0.0561345550003713,
5444.T,"Yamato Kogyo Co., Ltd.",12115.0,87,0.0330169211721007,0.035553008388848964,0.06017180843535008,725991751680.0,大型,素材,,×,,0.3333333333333333,
3946.T,"Tomoku Co., Ltd.",3940.0,81,0.03299492385786802,0.0347390740611512,0.05812218240091724,64500928512.0,小型,一般消費財・サービス,,×,,0.1758718432847786,
4617.T,"Chugoku Marine Paints, Ltd.",3380.0,95,0.03284023668639053,0.034312593356344116,0.06232358822030855,168190836736.0,中型,素材,,×,,0.2607478646886331,
1861.T,"Kumagai Gumi Co.,Ltd.",1433.0,86,0.03279832519190509,0.03589514691581659,0.05987785102168463,235845533696.0,中型,資本財・サービス,Split,×,,0.2272825939492606,累進
5982.T,"Maruzen Co., Ltd.",3820.0,92,0.032722513089005235,0.02979078321805345,0.042811132834416406,60428718080.0,小型,資本財・サービス,,△,,0.2401987819785372,
6644.T,"Osaki Electric Co., Ltd.",1504.0,94,0.032579787234042555,0.029881779080883922,0.04228474835895367,64171192320.0,小型,情報技術,,△,,0.1033910533910534,
6332.T,"Tsukishima Holdings Co., Ltd.",2634.0,87,0.032270311313591496,0.03649537797175053,0.07044521620347555,105503834112.0,中型,資本財・サービス,,×,,0.1356963066298105,
208A.T,KOZO KEIKAKU ENGINEERING HOLDINGS Inc.,2796.0,67,0.032188841201716736,0.030885055283502542,0.04867403836345304,29215037440.0,超小型,資本財・サービス,,△,,0.1479938271604938,累進
9534.T,"Hokkaido Gas Co., Ltd.",763.0,84,0.03211009174311927,0.02990664369047948,0.04953626200038574,66558029824.0,小型,公益事業,,△,,0.1599178471672205,
8439.T,Tokyo Century Corporation,2493.0,73,0.032089851584436425,0.03510960149132493,0.05583220153989757,1217750106112.0,超大型,資本財・サービス,,×,営業CF合計マイナス/自己資本比率低い,0.1337923113450181,累進
9029.T,"Higashi Holdings Co., Ltd.",1871.0,92,0.032068412613575625,0.03482552095672745,0.04480386199956298,24241004544.0,超小型,資本財・サービス,,×,,0.2109497075183349,
7259.T,Aisin Corporation,2185.0,84,0.032036613272311214,0.027258677010401872,0.04524237975359324,1597320724480.0,超大型,一般消費財・サービス,,△,,0.1309186439763753,
6750.T,"Elecom Co., Ltd.",1785.0,100,0.031932773109243695,0.026107321030954908,0.03674394467237472,144969515008.0,中型,情報技術,,〇,,0.0935946308673507,累進
6287.T,Sato Corporation,2382.0,87,0.03190596137699412,0.028809063156622967,0.043859456321732194,76941123584.0,小型,資本財・サービス,,△,,0.0310395692800048,
8157.T,"Tsuzuki Denki Co., Ltd.",3955.0,86,0.03185840707964602,0.03478424073323954,0.05787340925359925,71578648576.0,小型,資本財・サービス,,×,,0.2446693968222065,
9880.T,Innotech Corporation,3930.0,97,0.031806615776081425,0.04804801066218971,0.06829945853765267,50130546688.0,小型,情報技術,,×,,0.2397707231040564,累進
4205.T,Zeon Corporation,2393.5,79,0.031752663463547104,0.03593205570513476,0.05512422360248447,458463838208.0,大型,素材,,×,現金比率低い,0.1928314693188835,累進
4220.T,Riken Technos Corporation,1704.0,92,0.03169014084507042,0.03513393546587233,0.05509599771845239,79902416896.0,小型,素材,,×,,0.2070339246809834,
1798.T,Moriya Corporation,1140.0,87,0.031578947368421054,0.030580312242314216,0.03654822335025381,11907932160.0,超小型,資本財・サービス,Split,〇,,0.0836792836792836,累進
8117.T,Central Automotive Products Ltd.,2033.0,100,0.03148057058534186,0.028558270097569366,0.040833640658420524,110695473152.0,中型,一般消費財・サービス,,△,,0.1941316425388727,累進
6863.T,Nireco Corporation,2836.0,85,0.03138222849083216,0.04779794099566712,0.07991853086821411,20263270400.0,超小型,情報技術,,×,,0.2212327355184498,
3648.T,AGS Corporation,1088.0,92,0.03125,0.02798517206010021,0.04832475717475003,18133368832.0,超小型,情報技術,,△,,0.0694259444259444,
9934.T,"Inaba Denki Sangyo Co.,Ltd.",2722.0,100,0.031227038941954444,0.03067779282821699,0.04611029215643217,303365488640.0,大型,資本財・サービス,Split,△,,0.120708594238006,累進
8085.T,"Narasaki Sangyo Co., Ltd.",4165.0,90,0.031212484993997598,0.03815211943913674,0.04893150485283217,20767027200.0,超小型,資本財・サービス,,×,,0.1341174257840924,累進
7516.T,"Kohnan Shoji Co., Ltd.",4170.0,90,0.03117505995203837,0.024700351637317902,0.034732476096536874,113930338304.0,中型,一般消費財・サービス,,〇,,0.1232012475743739,累進
9006.T,Keikyu Corporation,1481.0,87,0.031060094530722483,0.02297531632043001,0.03329923264820663,386435973120.0,大型,資本財・サービス,,◎,,0.1133508104096339,
2784.T,Alfresa Holdings Corporation,2198.0,85,0.030937215650591446,0.024317416467355663,0.03551161674892604,381955375104.0,大型,ヘルスケア,,〇,,0.0779286410639082,
9960.T,Totech Corporation,4140.0,92,0.030917874396135265,0.03987707653007594,0.06450458889255313,167100301312.0,中型,情報技術,,×,現金比率低い,0.3383712268247089,累進
8273.T,"Izumi Co., Ltd.",971.0,95,0.030895983522142123,0.023446088725873105,0.0322432222125573,199383318528.0,中型,一般消費財・サービス,Split,◎,,0.0362668086209073,累進
3892.T,"Okayama Paper Industries Co., Ltd.",1620.0,65,0.030864197530864196,0.027178545510239953,0.04318360591754567,7524776960.0,超小型,素材,,△,,0.1964285714285714,累進
8275.T,Forval Corporation,1006.0,84,0.030815109343936383,0.02743134190758873,0.03147208121827411,26479052800.0,超小型,情報技術,,◎,,0.0787192163234419,累進
4204.T,"Sekisui Chemical Co., Ltd.",2600.0,87,0.03076923076923077,0.0257427507531708,0.0374805105184057,1040350183424.0,超大型,資本財・サービス,,〇,現金比率低い,0.1120401505953247,累進
8309.T,"Sumitomo Mitsui Trust Group, Inc.",6019.0,85,0.030736002658248877,0.0352300504727681,0.05671953018913185,4141543325696.0,超大型,金融,,×,自己資本比率低い,0.111609043182997,累進
6331.T,"Mitsubishi Kakoki Kaisha, Ltd.",3755.0,89,0.03062583222370173,0.04640019964991181,0.09199251194160889,87251574784.0,小型,資本財・サービス,,×,,0.2526399360522404,累進
8850.T,Starts Corporation Inc.,4575.0,87,0.030601092896174863,0.025269679450202573,0.03820555302157723,214232399872.0,中型,不動産,,〇,,0.1194278731589264,
9057.T,"Enshu Truck Co.,Ltd.",3145.0,90,0.03052464228934817,0.025557047914761138,0.039306205582757,23466887168.0,超小型,資本財・サービス,,△,,0.2356229042377676,累進
6638.T,"Mimaki Engineering Co., Ltd.",1804.0,86,0.03048780487804878,0.03198045141414173,0.05320984676620707,52248141824.0,小型,情報技術,,×,,0.2175925925925926,
7552.T,Happinet Corporation,3040.0,97,0.03042763157894737,0.029273447915808482,0.032552727311853144,125736443904.0,中型,一般消費財・サービス,Split,〇,,0.2039622106288773,
7520.T,"Eco's Co.,Ltd.",2303.0,90,0.030395136778115502,0.02992441808978737,0.034504330083475754,25987969024.0,超小型,生活必需品,,〇,,0.1426406926406926,累進
8566.T,"Ricoh Leasing Company, Ltd.",6110.0,65,0.030278232405891982,0.026987444397668155,0.03989659612683533,186487865344.0,中型,金融,,△,営業CF合計マイナス/自己資本比率低い/現金比率低い,0.1443682053202719,累進
3280.T,"STrust Co.,Ltd.",991.0,70,0.030272452068617558,0.02574588547266884,0.04097315896900103,6011523072.0,超小型,不動産,,△,営業CF合計マイナス/自己資本比率低い,0.1590043075550322,累進
2359.T,Core Corporation,1982.0,90,0.030272452068617558,0.029230097403420034,0.04097012303456646,28947693568.0,超小型,情報技術,,△,,0.1418470418470418,
8253.T,"Credit Saison Co., Ltd.",4297.0,65,0.030253665347917152,0.035032247836298505,0.04339323209658384,617009709056.0,大型,金融,,×,営業CF合計マイナス,0.1581689915023248,累進
4516.T,"Nippon Shinyaku Co., Ltd.",4105.0,95,0.03020706455542022,0.02646238201360605,0.04252996982732164,272906354688.0,中型,ヘルスケア,,△,,0.1854303881981729,
4409.T,"Toho Chemical Industry Company, Limited",729.0,59,0.03017832647462277,0.031917734716667014,0.03844712476096678,15182204928.0,超小型,素材,,×,,0.1584967320261437,累進
2185.T,CMC Corporation,1828.0,71,0.030087527352297593,0.026129090576546363,0.04076401133703132,23207081984.0,超小型,情報技術,,△,,0.1597865446484432,累進
6301.T,Komatsu Ltd.,6318.0,87,0.03007280785058563,0.03375936048347554,0.057505923014434863,5705739272192.0,超大型,資本財・サービス,,×,現金比率低い,0.1979763353182614,
3762.T,TechMatrix Corporation,1730.0,82,0.03005780346820809,0.02050645141858613,0.025626414202953526,67069014016.0,小型,情報技術,,☆,自己資本比率低い,0.2961585057043461,
1938.T,"Nippon Rietec Co.,Ltd.",2733.0,92,0.03000365898280278,0.04512617011637612,0.06651234595563994,67799580672.0,小型,資本財・サービス,,×,,0.2661990273101384,累進
3107.T,"Daiwabo Holdings Co., Ltd.",3513.0,90,0.029888983774551667,0.02959656189882323,0.046089051647169546,296413954048.0,中型,情報技術,,△,,0.2717323186073186,
2002.T,Nisshin Seifun Group Inc.,2010.0,89,0.029850746268656716,0.025744564955038317,0.03733119618716272,557964656640.0,大型,生活必需品,,△,,0.1042339633912177,累進
4568.T,"Daiichi Sankyo Company, Limited",2614.0,92,0.029839326702371844,0.018106497062080423,0.022824282004703052,4613730729984.0,超大型,ヘルスケア,,△,現金比率低い,0.152917068483805,累進
1965.T,Techno Ryowa Ltd.,5700.0,89,0.02982456140350877,0.028727205687196267,0.04962457181996724,116460052480.0,中型,資本財・サービス,,△,,0.2607443668720777,
3865.T,Hokuetsu Corporation,872.0,82,0.02981651376146789,0.020500135856992698,0.02973643938928739,138951720960.0,中型,素材,,△,ROE低い,0.0841202007868674,累進
6923.T,"Stanley Electric Co., Ltd.",3506.0,90,0.02966343411294923,0.02709203270911311,0.03857187644395622,435839926272.0,大型,一般消費財・サービス,,△,,0.1242537356823071,
7743.T,"SEED Co.,Ltd.",506.0,85,0.029644268774703556,0.03162474090407208,0.03730303999436569,15193424896.0,超小型,ヘルスケア,,×,,0.086812569794919,累進
1967.T,Yamato Corporation,2025.0,89,0.02962962962962963,0.030938547497622967,0.03875216433003296,45309845504.0,小型,資本財・サービス,,×,,0.2057142857142857,累進
5423.T,"Tokyo Steel Manufacturing Co., Ltd.",1691.0,79,0.02956830277942046,0.02599400502536863,0.038055773635041784,172131270656.0,中型,素材,,△,,0.2325517075517075,累進
1934.T,Yurtec Corporation,2436.0,84,0.029556650246305417,0.03165687187552654,0.058941879422626256,168145305600.0,中型,資本財・サービス,,×,,0.2152550493881763,
9433.T,KDDI Corporation,2717.0,90,0.02944423997055576,0.024523464129816167,0.03514159870140811,10206776918016.0,超大型,コミュニケーション・サービス,,△,自己資本比率低い,0.0857509611895576,累進
4951.T,S.T. Corporation,1498.0,84,0.029372496662216287,0.023098061819939456,0.032828434162890774,30970916864.0,超小型,生活必需品,,△,,0.0813451896234866,累進
7979.T,Shofu Inc.,2051.0,92,0.02925402242808386,0.025643063666125676,0.029963143246155833,71783661568.0,小型,ヘルスケア,,△,,0.2274725669036154,
3021.T,"Pacific Net Co.,Ltd.",1780.0,72,0.029213483146067417,0.03636771290502505,0.04891796118681938,8466053120.0,超小型,情報技術,,×,,0.1186405979726104,累進
6432.T,"Takeuchi Mfg. Co., Ltd.",7190.0,100,0.02920723226703755,0.03894594314393341,0.05084122617717422,336746348544.0,大型,資本財・サービス,,×,,0.2877564109807501,累進
1952.T,"Shin Nippon Air Technologies Co., Ltd.",3770.0,92,0.029177718832891247,0.03551914799025746,0.062074269715093014,168613773312.0,中型,資本財・サービス,,×,,0.2581350748017414,累進
9324.T,Yasuda Logistics Corporation,2400.0,87,0.029166666666666667,0.023941121921804386,0.033078582234402985,68017516544.0,小型,資本財・サービス,,△,,0.169925593080103,
2114.T,Fuji Nihon Corporation,620.0,95,0.02903225806451613,0.025625841283450742,0.03537680640137703,31498305536.0,超小型,生活必需品,Split,△,,0.2142309850643183,累進
3435.T,"Sanko Techno Co., Ltd.",1449.0,90,0.028985507246376812,0.03313682014524937,0.03691318779413536,11301856256.0,超小型,資本財・サービス,,×,,0.087187286206894,累進
3513.T,"Ichikawa Co., Ltd.",3110.0,85,0.028938906752411574,0.03303376494768895,0.05577476377469263,12916849664.0,超小型,素材,,×,,0.0358974358974358,
8065.T,Sato Shoji Corporation,2844.0,81,0.028832630098452883,0.03802067114427709,0.06669108288648565,59538489344.0,小型,素材,,×,,0.128802121761344,
3768.T,Riskmonster.com,555.0,74,0.02882882882882883,0.03455206711283446,0.044924513436590006,4218112256.0,超小型,資本財・サービス,,×,ROE低い,0.1419034694573854,累進
4994.T,"Taisei Lamick Group Head Quarter & Innovation Co.,Ltd.",2431.0,81,0.028794734677087618,0.02516880461831403,0.03642028034324069,14450446336.0,超小型,一般消費財・サービス,,△,,0.0158730158730158,
7476.T,AS ONE Corporation,2280.5,95,0.02850252137689103,0.02264076974994001,0.030675737270790347,157608312832.0,中型,ヘルスケア,,△,,0.1140477238687911,
1980.T,"Dai-Dan Co., Ltd.",2924.0,89,0.028499771545827633,0.03728355241284551,0.06563188103889224,379983364096.0,大型,資本財・サービス,Split,×,,0.3168339378717951,
8522.T,"The Bank of Nagoya, Ltd.",5970.0,71,0.02847571189279732,0.035476272021514696,0.05714480316784265,290753806336.0,中型,金融,Split,×,自己資本比率低い,0.2126984083446714,累進
3661.T,"m-up holdings, Inc.",704.0,79,0.028409090909090908,0.021029067646370993,0.03333333333333333,44361469952.0,小型,コミュニケーション・サービス,Split,△,,0.1538480038480038,累進
7864.T,"Fuji Seal International, Inc.",2852.0,100,0.028401122019635343,0.02392967930777569,0.03300369885405172,152670142464.0,中型,一般消費財・サービス,,△,,0.1796877551819412,累進
1930.T,"Hokuriku Electrical Construction Co.,Ltd.",1695.0,87,0.02831858407079646,0.029797306175399493,0.04771811725718837,47166853120.0,小型,資本財・サービス,,×,,0.1764309729431276,
9413.T,TV TOKYO Holdings Corporation,3535.0,81,0.028288543140028287,0.025253045679367207,0.031894129209983524,96386015232.0,小型,コミュニケーション・サービス,,△,,0.112037037037037,
7466.T,SPK Corporation,1293.0,90,0.02822892498066512,0.024974754784221967,0.03621879285201227,25625323520.0,超小型,一般消費財・サービス,Split,△,,0.0872789130618978,累進
3854.T,I'LL inc.,2200.0,73,0.028181818181818183,0.01882005777061789,0.026809391769778538,53774544896.0,小型,情報技術,,△,,0.3342488446686932,累進
7475.T,"ALBIS Co.,Ltd.",2498.0,82,0.02802241793434748,0.020488601876353287,0.02834028265952677,20554059776.0,超小型,生活必需品,,△,ROE低い,0.0185185185185185,
9068.T,"Maruzen Showa Unyu Co., Ltd.",7500.0,84,0.028,0.023241500969025896,0.03397372602674583,141313048576.0,中型,資本財・サービス,,△,,0.1782552887417121,
6744.T,Nohmi Bosai Ltd.,4150.0,95,0.027951807228915663,0.023845733621766084,0.034369909896286986,243103875072.0,中型,資本財・サービス,,△,,0.1785338815409192,
3941.T,"Rengo Co., Ltd.",1437.5,85,0.02782608695652174,0.03138779236916004,0.052856055734823056,354174959616.0,大型,一般消費財・サービス,,×,ROE低い,0.1409932659932659,累進
1766.T,Token Corporation,12940.0,82,0.027820710973724884,0.027818054760568256,0.030025020850708923,139539316736.0,中型,不動産,,△,,0.1590691439814247,累進
2664.T,Cawachi Limited,3595.0,81,0.027816411682892908,0.0327824603920739,0.035523978685612786,77834854400.0,小型,ヘルスケア,,×,ROE低い,0.0790123456790123,累進
5947.T,Rinnai Corporation,3600.0,95,0.027777777777777776,0.02109093928765325,0.030189378897588118,495403728896.0,大型,一般消費財・サービス,,△,,0.1414876490930396,累進
7947.T,FP Corporation,2630.0,90,0.027756653992395436,0.02287645866928726,0.02977752064804826,212544159744.0,中型,一般消費財・サービス,,△,,0.0952274839142385,
1992.T,"Kanda Tsushinki Co., Ltd.",2978.0,67,0.027535258562793822,0.029143983687285928,0.031201015013964987,6818809856.0,超小型,情報技術,,×,,0.3363636405117853,累進
3843.T,"FreeBit Co., Ltd.",1490.0,77,0.027516778523489934,0.02555342502591675,0.029970760233918127,32013336576.0,超小型,コミュニケーション・サービス,,△,,0.2915784832451499,累進
3148.T,"Create SD Holdings Co., Ltd.",3275.0,82,0.02748091603053435,0.022821340350374652,0.033885386220751004,210280366080.0,中型,ヘルスケア,,△,,0.1316386814430633,累進
3360.T,"Ship Healthcare Holdings, Inc.",2185.5,90,0.027453671928620454,0.029183398872710736,0.03362027394449289,195448225792.0,中型,ヘルスケア,,×,,0.0876986033388472,累進
6161.T,Estic Corporation,1057.0,92,0.027436140018921477,0.031105875980188703,0.0356206934090008,10765294592.0,超小型,資本財・サービス,,×,,0.1685653509161998,
4958.T,"T. Hasegawa Co., Ltd.",3190.0,77,0.02727272727272727,0.023127684350646816,0.030330239009336006,130503958528.0,中型,素材,,△,,0.1031562777410491,累進
2270.T,"MEGMILK SNOW BRAND Co.,Ltd.",3670.0,86,0.027247956403269755,0.03563406460791238,0.0429944861880738,222720000000.0,中型,生活必需品,,×,現金比率低い,0.1574074074074073,累進
7224.T,"ShinMaywa Industries, Ltd.",2057.0,90,0.027224112785610113,0.02757157101797149,0.04836496234169825,135990714368.0,中型,資本財・サービス,,×,,0.2142336018971393,
2331.T,"Alsok Co.,Ltd.",1074.0,90,0.027188081936685288,0.020254624640220025,0.02874947804649292,518637420544.0,大型,資本財・サービス,,△,,0.1157566493589607,
4212.T,Sekisui Jushi Corporation,2650.0,81,0.027169811320754716,0.02867449632969792,0.04432342032392877,76715638784.0,小型,資本財・サービス,,×,ROE低い,0.0762009531653106,累進
6890.T,Ferrotec Corporation,9140.0,90,0.027133479212253828,0.048056073711324386,0.08402216094751602,496013082624.0,大型,情報技術,,×,,0.3304253334741139,累進
6023.T,"Daihatsu Infinearth Mfg.Co.,Ltd",2546.0,91,0.027101335428122545,0.034375479012169446,0.04932558309149032,64697675776.0,小型,資本財・サービス,,×,,0.2091080876795162,累進
6448.T,"Brother Industries, Ltd.",3692.0,90,0.027085590465872156,0.029761362298146552,0.04660703408924496,929743306752.0,大型,資本財・サービス,,×,,0.1320610895430297,
4800.T,Oricon Inc.,1332.0,89,0.02702702702702703,0.04473155526737436,0.05024129405676831,17074107392.0,超小型,コミュニケーション・サービス,,×,配当性向70%以上2回,0.1898860301149352,累進
2726.T,"PAL GROUP Holdings CO., LTD.",1489.0,97,0.026863666890530557,0.02309380781293678,0.029476787030213707,254044536832.0,中型,一般消費財・サービス,Split,△,,0.212729536258948,
8306.T,"Mitsubishi UFJ Financial Group, Inc.",3211.0,72,0.02678293366552476,0.03144313776047823,0.05117711293809061,36593452711936.0,超大型,金融,,×,営業CF合計マイナス/自己資本比率低い,0.1813656973711156,累進
3034.T,"Qol Holdings Co., Ltd.",1873.0,92,0.026695141484249868,0.020221266527873965,0.029490788898402755,68466327552.0,小型,ヘルスケア,,△,,0.0517872931666035,累進
8198.T,"Maxvalu Tokai Co.,Ltd.",3190.0,100,0.02664576802507837,0.025521335405338467,0.027243589743589744,101716475904.0,中型,生活必需品,,△,,0.0893117595011958,累進
4323.T,"Japan System Techniques Co., Ltd.",1689.0,95,0.02664298401420959,0.021085554931876412,0.025365938720873712,36781723648.0,超小型,情報技術,,△,,0.2493011463844797,累進
8111.T,Goldwin Inc.,2185.0,95,0.026540045766590387,0.021115016195656176,0.03089561035793139,293575360512.0,中型,一般消費財・サービス,Split,△,,0.4362239489064123,
2670.T,"ABC-Mart,Inc.",2826.0,95,0.02653927813163482,0.021688846358484542,0.028967988875330444,705707376640.0,大型,一般消費財・サービス,,△,,0.0767788667738133,
2282.T,NH Foods Ltd.,6044.0,92,0.026472534745201854,0.027360674255754842,0.03210540158750342,573366075392.0,大型,生活必需品,,×,,0.1344644150877965,
4401.T,Adeka Corporation,4246.0,84,0.0263777673104098,0.028937676141164496,0.04934880302646956,415736004608.0,大型,素材,,×,,0.1531121459575001,
6455.T,Morita Holdings Corporation,2455.0,95,0.026069246435845215,0.022719828999516172,0.03488564412444935,100094050304.0,中型,資本財・サービス,,△,,0.1290749768380059,累進
6807.T,"Japan Aviation Electronics Industry, Limited",2307.0,82,0.02600780234070221,0.019701570933370348,0.028759934939072963,153466699776.0,中型,情報技術,,△,,0.0993827160493827,
7917.T,ZACROS Corporation,1387.0,92,0.02595529920692141,0.02641750292736766,0.04106816290473233,96744873984.0,小型,一般消費財・サービス,Split,×,,0.0916614322496675,累進
2337.T,Ichigo Inc.,445.0,70,0.025842696629213482,0.028731943523427835,0.0325750101280916,171724455936.0,中型,不動産,,×,営業CF合計マイナス,0.1630952380952381,累進
9069.T,"SENKO Group Holdings Co., Ltd.",1935.0,85,0.025839793281653745,0.022618307044473436,0.03555442711914797,321694859264.0,大型,資本財・サービス,,△,自己資本比率低い,0.0921965833730539,累進
7970.T,"Shin-Etsu Polymer Co.,Ltd.",2405.0,89,0.02577962577962578,0.027877144772213144,0.045840667983541326,194660302848.0,中型,素材,,×,,0.2093492876428476,累進
9059.T,"Kanda Holdings Co.,Ltd.",893.0,84,0.025755879059350503,0.021606146259086266,0.031672099295855335,19025952768.0,超小型,資本財・サービス,,△,,0.0820185986852653,累進
2326.T,Digital Arts Inc.,3695.0,86,0.02571041948579161,0.013407374089698533,0.016314718279901864,48625332224.0,小型,情報技術,,△,,0.2186578082411415,
9052.T,"Sanyo Electric Railway Co.,Ltd.",1947.0,81,0.025680534155110426,0.018322025121792606,0.024640533557386796,42683965440.0,小型,資本財・サービス,,△,,0.1333333333333333,
8255.T,Axial Retailing Inc.,1131.0,92,0.02564102564102564,0.023088202690281837,0.034644130171562586,98360393728.0,小型,生活必需品,,△,,0.0716307566797763,累進
8031.T,"Mitsui & Co., Ltd.",4513.0,84,0.02548194105916242,0.025130868686591097,0.04353114863810299,12776521072640.0,超大型,資本財・サービス,,△,現金比率低い,0.1656042536344394,累進
6013.T,"Takuma Co., Ltd.",3665.0,92,0.025375170532060027,0.032888565892526436,0.0516390894951156,265852534784.0,中型,資本財・サービス,,×,,0.2431119339891269,累進
4507.T,"Shionogi & Co., Ltd.",2805.5,100,0.025307431830333273,0.0214912922817025,0.03258728670781504,2344437415936.0,超大型,ヘルスケア,,△,,0.1277693029274319,累進
6277.T,Hosokawa Micron Corporation,4955.0,63,0.025227043390514632,0.02153185686454262,0.03631883432147577,72664850432.0,小型,資本財・サービス,,△,ROE低い,0.1287638287638287,累進
9869.T,"Kato Sangyo Co., Ltd.",5960.0,77,0.025167785234899327,0.021872679696124626,0.03453594848708889,178981863424.0,中型,生活必需品,,△,,0.1327697852412128,累進
2813.T,"Wakou Shokuhin Co., Ltd.",4000.0,90,0.025,0.029723231389640066,0.03351266665468918,9980432384.0,超小型,生活必需品,,×,,0.3128722893772453,累進
3626.T,TIS Inc.,3204.0,100,0.024968789013732832,0.01634778831855809,0.022701715675810898,647320502272.0,大型,情報技術,,△,,0.2460638936226648,累進
3168.T,MERF Inc.,1202.0,62,0.024958402662229616,0.03182515803197745,0.0446409170351663,17366814720.0,超小型,素材,,×,,0.2037037037037037,累進
8058.T,Mitsubishi Corporation,4414.0,82,0.02492070684186679,0.027028626744731353,0.04626699632762171,16121578127360.0,超大型,資本財・サービス,,×,,0.2309482602664096,累進
2201.T,"Morinaga&Co., Ltd.",2615.5,92,0.024851844771554197,0.02585902335520393,0.04058394695379924,219874033664.0,中型,生活必需品,,×,,0.2167404200737534,累進
9301.T,Mitsubishi Logistics Corporation,1530.5,87,0.024828487422410978,0.02577771593676449,0.04082221900758191,515898081280.0,大型,資本財・サービス,,×,,0.2755377669627862,
7459.T,MediPal Holdings Corporation,2661.0,90,0.02480270574971815,0.020606788218612365,0.030275141097628622,537436291072.0,大型,ヘルスケア,,△,,0.0887702138249034,累進
8088.T,Iwatani Corporation,1896.0,81,0.024789029535864978,0.033583707683779336,0.06141479380058695,439290986496.0,大型,資本財・サービス,,×,現金比率低い,0.1585813080395123,
8316.T,"Sumitomo Mitsui Financial Group, Inc.",6344.0,73,0.024747793190416142,0.029316536152869967,0.05046260615636051,24362497343488.0,超大型,金融,,×,営業CF合計マイナス/自己資本比率低い,0.1250992778247672,累進
1793.T,"Ohmoto Gumi Co., Ltd.",2021.0,67,0.024740227610094014,0.03385886891331214,0.04058118699174516,51224248320.0,小型,資本財・サービス,,×,ROE低い/営業CF合計マイナス,0.1472515514496802,累進
6420.T,Galilei Co. Ltd.,3315.0,82,0.02473604826546003,0.026066674333450175,0.03201016877088594,131896639488.0,中型,資本財・サービス,,×,,0.2009779028545859,累進
8194.T,Life Corporation,2663.0,87,0.024596319939917385,0.023484009478054218,0.038335312992855856,223821152256.0,中型,生活必需品,,△,現金比率低い,0.1716277549610882,
1951.T,"EXEO Group, Inc.",2767.0,81,0.024575352367184677,0.025935694861158726,0.04338527349922258,559872409600.0,大型,資本財・サービス,,×,現金比率低い,0.1293932724661159,累進
1332.T,Nissui Corporation,1307.0,87,0.02448355011476664,0.02517848855978493,0.03871163470809307,390310854656.0,大型,生活必需品,,×,現金比率低い,0.2173058695117518,累進
4992.T,"Hokko Chemical Industry Co., Ltd.",2167.0,74,0.02445777572681126,0.028247334188465773,0.04753204387965273,57275916288.0,小型,素材,,×,,0.1907406724873185,累進
4628.T,"Sk Kaken Co.,Ltd.",9410.0,92,0.024442082890541977,0.018682440335192195,0.024572649572649572,126806999040.0,中型,素材,,△,,0.0884632342965676,
9959.T,"Aseed Holdings Co.,Ltd.",903.0,90,0.024363233665559248,0.022295980274429028,0.03160604212135414,11287467008.0,超小型,生活必需品,,△,,0.1031345198011864,累進
1941.T,Chudenko Corporation,5550.0,95,0.024324324324324326,0.027297185094819047,0.04298484406450245,298595713024.0,中型,資本財・サービス,,×,,0.0571325242509981,累進
4287.T,Just Planning Inc.,453.0,90,0.024282560706401765,0.02619368339633181,0.031779662044320256,5137650688.0,超小型,情報技術,,×,,0.0624882447451586,累進
8367.T,"The Nanto Bank, Ltd.",1773.0,73,0.024252679075014102,0.038741491731918584,0.07041452433738477,275801243648.0,中型,金融,Split,×,営業CF合計マイナス/自己資本比率低い,0.1395621577334693,累進
8630.T,"Sompo Holdings, Inc.",6214.0,84,0.02413904087544255,0.025486167957022736,0.04051712899728465,5465874890752.0,超大型,金融,,×,自己資本比率低い,0.2160101518685113,累進
4972.T,"Soken Chemical & Engineering Co., Ltd.",3110.0,94,0.024115755627009645,0.03463761971053752,0.05008458131491003,53187686400.0,小型,素材,,×,,0.1629022794657469,
4021.T,Nissan Chemical Corporation,8380.0,86,0.024105011933174224,0.032423192785294916,0.046185717514780386,1122754363392.0,超大型,素材,,×,現金比率低い,0.1537939862837478,累進
6928.T,"Enomoto Co.,Ltd.",3115.0,84,0.024077046548956663,0.03542829711495941,0.06529005328883916,20881391616.0,超小型,情報技術,,×,,0.2172771672771672,累進
4559.T,"Zeria Pharmaceutical Co., Ltd.",2044.0,92,0.023972602739726026,0.01830066229057354,0.025834479861456084,89833816064.0,小型,ヘルスケア,,△,,0.0479991912589951,累進
1982.T,"Hibiya Engineering, Ltd.",3130.0,86,0.023961661341853034,0.025096269982153554,0.03579226921938249,127722708992.0,中型,資本財・サービス,Split,×,,0.0969632617721364,累進
9948.T,ARCS Company Limited,3430.0,90,0.0239067055393586,0.021119920344751082,0.031480086693207496,180087586816.0,中型,一般消費財・サービス,,△,,0.0724185394093852,
1721.T,COMSYS Holdings Corporation,5444.0,87,0.02387950036737693,0.026402589524870318,0.04211319617927616,624004038656.0,大型,資本財・サービス,,×,現金比率低い,0.1318699818699819,累進
2668.T,Tabio Corporation,1268.0,80,0.02365930599369085,0.025460139228748693,0.02783353381345122,8549404672.0,超小型,一般消費財・サービス,,×,,0.0185185185185185,
6258.T,Hirata Corporation,2977.0,81,0.0235136042996305,0.028515576987555368,0.036634488137337294,92948914176.0,小型,資本財・サービス,,×,,0.3582288696066628,
1959.T,Kraftia Corporation,9357.0,92,0.02351180934060062,0.02460823997375217,0.03974332436348582,660380319744.0,大型,資本財・サービス,,×,現金比率低い,0.1393567784872132,累進
7614.T,"OM2 Network Co.,Ltd.",1533.0,90,0.023483365949119372,0.02391840457848488,0.025525090428549304,10195296256.0,超小型,生活必需品,,×,,0.0425925925925925,累進
9042.T,"Hankyu Hanshin Holdings, Inc.",4265.0,82,0.023446658851113716,0.016680641375590683,0.022671100981254345,980425179136.0,大型,資本財・サービス,,△,現金比率低い,0.1008377425044091,累進
9790.T,"Fukui Computer Holdings,Inc.",3115.0,97,0.023434991974317816,0.024033783576986226,0.02609380665246457,63576203264.0,小型,情報技術,,×,,0.153505856283634,累進
9740.T,"Central Security Patrols Co., Ltd.",2567.0,85,0.02337358784573432,0.018363254954181354,0.027802546711468708,35536351232.0,超小型,資本財・サービス,,△,,0.0731481481481481,
8771.T,"eGuarantee, Inc.",1720.0,97,0.023255813953488372,0.024528289530774922,0.02623738224496233,75463917568.0,小型,金融,,×,,0.1983710008219812,累進
4403.T,NOF Corporation,2626.5,95,0.02322482391014658,0.018601747675383133,0.028915195881391787,581119574016.0,大型,素材,,△,,0.1829564142026004,
9428.T,Crops Corporation,1252.0,90,0.0231629392971246,0.020892151482184203,0.023848684210526317,11820132352.0,超小型,コミュニケーション・サービス,,△,,0.1375972611266729,累進
6626.T,SEMITEC Corporation,2030.0,86,0.02315270935960591,0.023691114334601047,0.031035810711105363,19297497088.0,超小型,情報技術,,×,,0.3327920227920228,
7730.T,"Mani, Inc.",1730.0,82,0.023121387283236993,0.02248870539764458,0.037741702154452876,167848427520.0,中型,ヘルスケア,,△,,0.169772625116446,累進
4718.T,"Waseda Academy Co., Ltd.",2379.0,97,0.023118957545187054,0.02374205574771478,0.034189425359313456,42339995648.0,小型,生活必需品,,×,,0.1835681226985574,累進
9502.T,"Chubu Electric Power Company, Incorporated",3044.0,87,0.022996057818659658,0.027250961724747766,0.04393340254582385,2265802866688.0,超大型,公益事業,,×,,0.0962962962962962,累進
8006.T,"Yuasa Funashoku Co., Ltd.",1441.0,87,0.022900763358778626,0.025812725181781265,0.033954879221226274,25610577920.0,超小型,生活必需品,Split,×,,0.0587301587301587,
9037.T,"Hamakyorex Co., Ltd.",1825.0,100,0.02287671232876712,0.0212706140852527,0.03240559654779129,133472264192.0,中型,資本財・サービス,,△,,0.1788198185257009,累進
6005.T,"Miura Co., Ltd.",3162.0,100,0.022770398481973434,0.01922594314323471,0.026847271122885315,365650903040.0,大型,資本財・サービス,,△,,0.1416290669645838,累進
8001.T,ITOCHU Corporation,1849.5,82,0.0227088402270884,0.02077347450233001,0.03397644356595467,12816005201920.0,超大型,資本財・サービス,Split,△,現金比率低い,0.1659104585144394,
2303.T,Dawn Corp.,1239.0,72,0.022598870056497175,0.01684734977774547,0.023236514522821577,7259318784.0,超小型,情報技術,Split,△,,0.2306878306878307,累進
7951.T,Yamaha Corporation,1151.0,81,0.022589052997393572,0.019314595235780073,0.028144189020830192,503242129408.0,大型,一般消費財・サービス,,△,,0.046462720960529,累進
3288.T,"Open House Group Co., Ltd.",8606.0,74,0.022542412270508946,0.021608587272256324,0.03692332250346171,951296720896.0,大型,不動産,,△,,0.2518641382233584,累進
7643.T,"Daiichi Co.,Ltd.",1689.0,72,0.022498519834221433,0.01899294198320572,0.02809779922867105,18968729600.0,超小型,生活必需品,,△,,0.1682033447384324,累進
9409.T,TV Asahi Holdings Corporation,3120.0,90,0.022435897435897436,0.021250808529876652,0.03455086823637411,312174641152.0,大型,コミュニケーション・サービス,,△,,0.074074074074074,
3850.T,NTT Data Intramart Corporation,2942.0,92,0.022433718558803536,0.018308709765798483,0.025963808025177025,14127590400.0,超小型,情報技術,,△,,0.3203890568084941,
9824.T,"Senshu Electric Co.,Ltd.",6930.0,76,0.022366522366522368,0.026785955159993234,0.04534789898401221,120998019072.0,中型,情報技術,,×,,0.2688777272110605,累進
2229.T,"Calbee, Inc.",2961.5,95,0.022286003714333952,0.022377623869837836,0.02381811620353663,352300826624.0,大型,生活必需品,,×,,0.0596845746845746,累進
8418.T,"Yamaguchi Financial Group, Inc.",2876.0,77,0.022253129346314324,0.02816975249257247,0.04818884794171008,585787375616.0,大型,金融,,×,自己資本比率低い,0.1529456138218423,累進
6363.T,"Torishima Pump Mfg. Co., Ltd.",2836.0,84,0.02221438645980254,0.02372720949601855,0.036792612379882954,73317965824.0,小型,資本財・サービス,,×,,0.1863622818220519,
1979.T,Taikisha Ltd.,4960.0,81,0.02217741935483871,0.02854436974139877,0.042083553907211746,311848009728.0,大型,資本財・サービス,,×,,0.111994205304347,
6849.T,Nihon Kohden Corporation,1444.0,82,0.0221606648199446,0.015441937368505224,0.02140067370193351,228200742912.0,中型,ヘルスケア,,△,,0.0860007543574355,
4684.T,"OBIC Co.,Ltd.",3812.0,100,0.022035676810073453,0.014387678597727369,0.018022732579491867,1588866580480.0,超大型,情報技術,,△,,0.1762550613996765,累進
1417.T,MIRAIT ONE Corporation,3862.0,95,0.022009321595028483,0.024516132242901837,0.04219958376075844,343853465600.0,大型,資本財・サービス,,×,,0.1223544973544973,累進
9823.T,Mammy Mart Holdings Corporation,1029.0,79,0.021963070942662782,0.015831548105191273,0.02736486696069943,50022248448.0,小型,生活必需品,Split,△,,0.2214923571930547,累進
9435.T,"Hikari Tsushin, Inc.",35080.0,76,0.021807297605473203,0.015574570706807355,0.02253611521512041,1578060349440.0,超大型,資本財・サービス,,△,,0.1438866630865239,累進
3199.T,"Watahan & Co.,Ltd.",1377.0,59,0.02178649237472767,0.021110574825993253,0.023273855702094646,25359638528.0,超小型,一般消費財・サービス,,△,,0.1013061794935196,累進
5715.T,"Furukawa Co.,Ltd.",3675.0,84,0.021768707482993196,0.025101754775097084,0.047415517750183954,117727256576.0,中型,素材,,×,,0.0581699346405228,
2903.T,"Shinobu Foods Products Co., Ltd.",1478.0,90,0.02165087956698241,0.020836512346241953,0.03808664655354335,15480387584.0,超小型,生活必需品,,△,,0.0827941178298375,
6454.T,"Max Co., Ltd.",1718.0,100,0.021536670547147845,0.02632764097533193,0.03528198903663934,307303350272.0,大型,資本財・サービス,Split,×,,0.1321269922620546,累進
2749.T,"Jp-Holdings,Inc.",586.0,94,0.021331058020477817,0.021212842945240777,0.024056942889538524,49413402624.0,小型,資本財・サービス,,△,,0.1479677479677479,
9347.T,"NIPPON KANZAI Holdings Co.,Ltd.",2677.0,97,0.02129249159506911,0.016150999646115223,0.022044111344768132,95814664192.0,小型,不動産,,△,,0.0316718221490225,累進
2875.T,"Toyo Suisan Kaisha, Ltd.",10420.0,100,0.02111324376199616,0.018359804099554004,0.02548626435951263,997272256512.0,大型,生活必需品,,△,,0.158625730994152,累進
4553.T,"Towa Pharmaceutical Co., Ltd.",3790.0,80,0.021108179419525065,0.021141006329045767,0.034583371063909366,184604508160.0,中型,ヘルスケア,,×,ROE低い,0.1193931831697266,
1780.T,Yamaura Corporation,1424.0,71,0.021067415730337078,0.018905988903971823,0.02861640898786197,27225690112.0,超小型,資本財・サービス,,△,,0.237037037037037,累進
8331.T,"The Chiba Bank, Ltd.",2472.5,73,0.021031344792719918,0.027022923002151165,0.045978582242451514,1706769776640.0,超大型,金融,,×,営業CF合計マイナス/自己資本比率低い,0.1416671411351172,累進
4771.T,"F&M Co.,Ltd.",2448.0,95,0.020833333333333332,0.01858591084766388,0.02897435017079815,35561177088.0,超小型,資本財・サービス,,△,,0.0834413959076627,累進
9551.T,"METAWATER Co., Ltd.",3395.0,92,0.020618556701030927,0.02054375578596972,0.035996789252828475,156082143232.0,中型,資本財・サービス,,△,,0.0910978996490676,累進
9319.T,"Chuo Warehouse Co.,Ltd.",1844.0,80,0.020607375271149676,0.021215223177295676,0.030567407707261886,32390070272.0,超小型,資本財・サービス,,×,ROE低い,0.0597660758477671,
255A.T,"Gltechno Holdings, Inc.",5970.0,88,0.020603015075376884,0.037834934539438966,0.04390228168213278,76046958592.0,小型,情報技術,,×,,0.2439085605752272,
9842.T,Arclands Corporation,1944.0,84,0.0205761316872428,0.017949606469042537,0.026564287797727477,118861144064.0,中型,一般消費財・サービス,,△,,0.0566137566137566,累進
3088.T,MatsukiyoCocokara & Co.,2438.5,100,0.02050440844781628,0.01550631628899999,0.022273291406620505,938460381184.0,大型,ヘルスケア,,△,,0.1402460520997382,累進
6960.T,"Fukuda Denshi Co., Ltd.",11230.0,76,0.020480854853072127,0.024591311975280604,0.03544915270813006,293392515072.0,中型,ヘルスケア,,×,,0.1285131428466107,累進
6745.T,Hochiki Corporation,1955.0,95,0.020456947826086955,0.026376894276796452,0.04424309618160613,144062595072.0,中型,資本財・サービス,Split,×,,0.2331357206059334,
2782.T,"Seria Co., Ltd.",3700.0,100,0.02027027027027027,0.019181270326079886,0.029299271023264163,232824750080.0,中型,生活必需品,,△,,0.2427220927220927,累進
6086.T,"Shin Maint Holdings Co.,Ltd.",988.0,92,0.020242914979757085,0.01980035037246633,0.023695306902149386,18542297088.0,超小型,資本財・サービス,,△,,0.2818829349721122,
4901.T,FUJIFILM Holdings Corporation,3513.0,87,0.019925989183034443,0.018214236724698657,0.027566755062574187,4108095586304.0,超大型,資本財・サービス,,△,現金比率低い,0.1362337403986347,累進
9353.T,"Sakurajima Futo Kaisha, Ltd.",2730.0,74,0.01978021978021978,0.023540733051556205,0.026982374501656095,4177217536.0,超小型,資本財・サービス,,×,ROE低い,0.2037037037037037,累進
9663.T,"NAGAWA Co., Ltd.",5080.0,89,0.01968503937007874,0.015170797694949906,0.021253985122210415,76873162752.0,小型,資本財・サービス,,△,,0.0507122507122507,
8267.T,"Aeon Co., Ltd.",1372.0,85,0.01967930029154519,0.012088878968554456,0.023210422086846982,3614595350528.0,超大型,一般消費財・サービス,Split,△,自己資本比率低い,0.0310029336151324,累進
7004.T,Kanadevia Corporation,1271.0,85,0.01966955153422502,0.027016905987865436,0.03314205984698661,211970523136.0,中型,資本財・サービス,,×,自己資本比率低い,0.096081588835212,累進
4275.T,"Carlit Co., Ltd.",2157.0,78,0.019471488178025034,0.027482680006157445,0.04189540213474598,47658987520.0,小型,素材,,×,現金比率低い,0.1693602693602693,累進
6824.T,"New Cosmos Electric Co.,Ltd.",4925.0,79,0.019289340101522844,0.02344735256281691,0.02934056787179165,57802756096.0,小型,情報技術,,×,,0.1136924275222147,累進
3772.T,"Wealth Management, Inc.",1037.0,45,0.019286403085824494,0.020575260720035217,0.023697940359122732,20616910848.0,超小型,不動産,,×,ROE低い/営業CF合計マイナス/EPS低い/自己資本比率低い,0.3115124412338035,累進
7745.T,"A&D HOLON Holdings Company, Limited",2860.0,97,0.019230769230769232,0.02094764310112582,0.03376726800872871,78930255872.0,小型,情報技術,,×,,0.1644179894179894,累進
5906.T,"MK Seiko Co., Ltd.",783.0,86,0.019157088122605363,0.021798556638989115,0.02554532103860814,10917797888.0,超小型,情報技術,,×,,0.0333333333333333,
5334.T,"Niterra Co., Ltd.",10710.0,81,0.019140989729225025,0.028908000556479317,0.04864647224034356,2118142656512.0,超大型,一般消費財・サービス,,×,現金比率低い,0.20279885354481,
4527.T,"Rohto Pharmaceutical Co.,Ltd.",2413.0,95,0.019063406547865726,0.015064867398698629,0.02105494771399368,541636395008.0,大型,生活必需品,,△,,0.1782658253570679,
9974.T,"Belc CO., LTD.",6510.0,100,0.01904761904761905,0.014194970706028872,0.020423008277787397,132692803584.0,中型,生活必需品,,△,,0.0935147406677925,累進
7512.T,Aeon Hokkaido Corporation,843.0,84,0.018979833926453145,0.01907891931230353,0.019897505198783395,115196723200.0,中型,一般消費財・サービス,,×,現金比率低い,0.0821350762527233,
9956.T,"Valor Holdings Co., Ltd.",3900.0,90,0.018974358974358976,0.02202739269256599,0.036732449928156954,199896367104.0,中型,一般消費財・サービス,,×,,0.0774250181403107,累進
6988.T,Nitto Denko Corporation,3166.0,94,0.018951358180669616,0.01600549473633446,0.02561227899021848,2104968085504.0,超大型,素材,,△,,0.0802541155124404,累進
8411.T,"Mizuho Financial Group, Inc.",7652.0,82,0.01894929430214323,0.02723030862674185,0.051744824768107114,18989602308096.0,超大型,金融,,×,自己資本比率低い,0.0828361719490751,累進
8045.T,"Yokohama Maruuo Co., Ltd.",1808.0,79,0.018805309734513276,0.030515045540249742,0.052448186714634144,11179728896.0,超小型,生活必需品,,×,ROE低い,0.1983121816455149,累進
2810.T,House Foods Group Inc.,3727.0,90,0.018781862087469816,0.01659710882786386,0.018380399326440932,330291675136.0,大型,生活必需品,,△,ROE低い,0.0559773023541139,累進
6845.T,Azbil Corporation,1706.0,94,0.01875732708089097,0.01855826921739281,0.02572158705496209,857020235776.0,大型,資本財・サービス,,△,,0.1292061053413647,累進
2742.T,"Halows Co.,Ltd.",3760.0,97,0.018617021276595744,0.013075154173827057,0.018723729332778244,76747071488.0,小型,生活必需品,,△,,0.1373225539892206,累進
8818.T,"Keihanshin Building Co., Ltd.",1077.0,82,0.018570102135561744,0.020557810040170224,0.03440333735687876,204356796416.0,中型,不動産,Split,×,現金比率低い,0.1114412744708311,
8285.T,"Mitani Sangyo Co., Ltd.",701.0,92,0.018544935805991442,0.022400334765445232,0.0367684414469965,43160678400.0,小型,資本財・サービス,,×,,0.0694444444444444,累進
9533.T,"Toho Gas Co., Ltd.",1221.5,87,0.018419975440032748,0.015490196292533656,0.023206865382117074,428845924352.0,大型,公益事業,Split,△,,0.0651936026936026,累進
6645.T,OMRON Corporation,5653.0,82,0.01839731116221475,0.020035631416420674,0.030424605602665866,1103484157952.0,超大型,情報技術,,×,ROE低い,0.048884445302361,累進
1942.T,"Kandenko Co.,Ltd.",6797.0,87,0.018243342651169635,0.026334792993436554,0.04769409997411789,1337373753344.0,超大型,資本財・サービス,,×,現金比率低い,0.2624117480112521,
4733.T,"OBIC Business Consultants Co., Ltd.",6109.0,100,0.01816991324275659,0.012037822438118122,0.01582766168703287,438054649856.0,大型,情報技術,,△,,0.1329016986911723,累進
4816.T,"Toei Animation Co.,Ltd.",2431.0,91,0.01809954751131222,0.016776891483009013,0.01984418771555108,471758667776.0,大型,コミュニケーション・サービス,,△,,0.3061838635363825,
8283.T,Paltac Corporation,6647.0,90,0.018053257108469986,0.02109738180018604,0.03182131806064704,402468077568.0,大型,生活必需品,,×,,0.085278075921455,累進
8079.T,Shoei Foods Corporation,4160.0,66,0.018028846153846152,0.013486873348347228,0.016305538834165915,68199215104.0,小型,生活必需品,,△,,0.1224235104669887,累進
3741.T,"Systems Engineering Consultants Co.,LTD.",3330.0,84,0.018018018018018018,0.02295818008160428,0.03067638584842001,32466567168.0,超小型,情報技術,Split,×,,0.1955622747084113,
9436.T,Okinawa Cellular Telephone Company,3725.0,92,0.017986577181208052,0.020607242773042246,0.03263401290152954,339216793600.0,大型,コミュニケーション・サービス,Split,×,現金比率低い,0.1116212376590815,累進
6951.T,JEOL Ltd.,7343.0,89,0.01797630396295792,0.020620389952324306,0.029568421197339018,357613207552.0,大型,情報技術,,×,,0.3405214648641608,
3093.T,"Treasure Factory Co.,LTD.",2241.0,92,0.0178491744756805,0.018567331256654093,0.02817254082571131,48359211008.0,小型,一般消費財・サービス,,×,,0.2672018986806191,
2220.T,"Kameda Seika Co.,Ltd.",1234.0,97,0.017828200972447326,0.01441674439514136,0.016050300731744314,77480214528.0,小型,生活必需品,Split,△,,0.0543785418894955,累進
2152.T,Youji Corporation,1464.0,95,0.017759562841530054,0.018807514741077534,0.020614300017289724,15782525952.0,超小型,生活必需品,,×,,0.2168432719920134,累進
4536.T,"Santen Pharmaceutical Co., Ltd.",2147.5,92,0.01769499417927823,0.019380920543922448,0.029573788071872543,684711477248.0,大型,ヘルスケア,,×,,0.0439072637602049,累進
7733.T,Olympus Corporation,1724.0,95,0.01740139211136891,0.01612712229860407,0.02334986585418457,1788674441216.0,超大型,ヘルスケア,,△,,0.1997172943251374,累進
8022.T,Mizuno Corporation,3455.0,87,0.017366136034732273,0.017020874705552497,0.025840712106157977,261968773120.0,中型,一般消費財・サービス,,△,,0.1990863531076265,
7456.T,"MATSUDA SANGYO Co., Ltd.",5770.0,84,0.01733102253032929,0.01828413814978498,0.03174866467255701,147815694336.0,中型,素材,,×,現金比率低い,0.1432946944954334,累進
8368.T,"The Hyakugo Bank, Ltd.",1970.0,67,0.017258883248730966,0.027052473113005748,0.04524972856791237,473309151232.0,大型,金融,,×,営業CF合計マイナス/自己資本比率低い,0.145654981205975,累進
4736.T,Nippon RAD Inc.,582.0,74,0.01718213058419244,0.01691475985976114,0.018518518518518517,3206768128.0,超小型,情報技術,,△,,0.1111111111111111,累進
7701.T,Shimadzu Corporation,4064.0,100,0.016978346456692914,0.015388569994647865,0.021078623468310402,1169630035968.0,超大型,情報技術,,△,,0.1577937870467581,累進
2393.T,"Nippon Care Supply Co., Ltd.",4280.0,71,0.016822429906542057,0.03342371764041214,0.03902196305570606,68223774720.0,小型,資本財・サービス,,×,,0.1317000230043708,累進
5991.T,"NHK Spring Co., Ltd.",3925.0,90,0.016815286624203823,0.029331045417286664,0.05476917191230232,805089050624.0,大型,一般消費財・サービス,,×,,0.246185641582061,
3099.T,Isetan Mitsukoshi Holdings Ltd.,4165.0,81,0.01680672268907563,0.023368619439251087,0.03658554558328831,1439507808256.0,超大型,一般消費財・サービス,,×,現金比率低い,0.2660835407212218,
5384.T,Fujimi Incorporated,4515.0,86,0.016611295681063124,0.027963935028319824,0.04795726512304948,337904730112.0,大型,情報技術,,×,現金比率低い,0.2078484853594697,累進
7780.T,"Menicon Co., Ltd.",1692.0,95,0.016548463356973995,0.021667402301205146,0.02827731408663934,126298718208.0,中型,ヘルスケア,,×,,0.1628125870231133,累進
7545.T,"Nishimatsuya Chain Co., Ltd.",1936.0,95,0.01652892561983471,0.011936467948932727,0.016267886940221236,112943407104.0,中型,一般消費財・サービス,,△,,0.0544164102135116,累進
4216.T,Asahi Yukizai Corporation,7300.0,82,0.01643835616438356,0.022154676845776353,0.03802123002682731,140503515136.0,中型,資本財・サービス,,×,ROE低い,0.1713064713064712,累進
9404.T,"Nippon Television Holdings, Inc.",2740.0,92,0.016423357664233577,0.013043050046273954,0.01626924972781974,666435190784.0,大型,コミュニケーション・サービス,,△,,0.0186261892144245,
4923.T,"Cota Co., Ltd.",1165.0,77,0.016349356223175966,0.016797509720596272,0.01833661625696489,33274380288.0,超小型,生活必需品,Split,×,,0.1135802465960563,累進
6925.T,Ushio Inc.,4296.0,84,0.016294227188081937,0.0325169388793744,0.046045383738296745,346036699136.0,大型,資本財・サービス,,×,ROE低い/配当性向70%以上2回,0.147008547008547,累進
6254.T,"Nomura Micro Science Co., Ltd.",4980.0,64,0.016265060240963854,0.028832630878532235,0.04615040966093927,177851400192.0,中型,資本財・サービス,,×,営業CF合計マイナス/現金比率低い,0.9040947916764908,累進
9412.T,SKY Perfect JSAT Corporation,2593.0,90,0.01619745468569225,0.021706900686918218,0.04157088715610809,704347832320.0,大型,コミュニケーション・サービス,,×,,0.1132477658793448,
1944.T,Kinden Corporation,8030.0,92,0.0161892901618929,0.020829017905903125,0.038388860686845015,1602680258560.0,超大型,資本財・サービス,,×,現金比率低い,0.2011755803619985,累進
3184.T,"International Conglomerate of Distribution for Automobile Holdings Co., Ltd.",4350.0,82,0.016091954022988506,0.01873564066233009,0.023288796920667418,9133786112.0,超小型,一般消費財・サービス,,×,現金比率低い,0.0444444444444444,累進
2814.T,"Sato Foods Industries Co., Ltd.",3110.0,85,0.01607717041800643,0.01426504674949376,0.02199310433490183,10907158528.0,超小型,生活必需品,,△,ROE低い,0.0450292397660818,累進
3153.T,"Yashima Denki Co., Ltd.",2804.0,97,0.016048502139800285,0.01917977025694297,0.02665339684579057,59377524736.0,小型,資本財・サービス,,×,,0.1049839666506333,累進
2209.T,"Imuraya Group Co., Ltd.",2382.0,87,0.01595298068849706,0.016156004534568797,0.017304189435336976,30021935104.0,超小型,生活必需品,,×,現金比率低い,0.068624710700447,累進
7966.T,LINTEC Corporation,6960.0,84,0.015804597701149427,0.025473964785060622,0.04533691660265336,441344851968.0,大型,素材,,×,,0.0664433078297182,
9846.T,"Tenmaya Store Co., Ltd.",990.0,82,0.015656565656565657,0.011918378173349882,0.015262990070432695,11362487296.0,超小型,生活必需品,,△,現金比率低い,0.1323232323232323,累進
8218.T,"Komeri Co.,Ltd.",3605.0,81,0.015533980582524271,0.01376192173692461,0.020284521751971117,167169212416.0,中型,一般消費財・サービス,,△,現金比率低い,0.0451262590933797,累進
9735.T,"SECOM CO., LTD.",6451.0,95,0.01550147263990079,0.014246573474184487,0.020503700227092497,2579430899712.0,超大型,資本財・サービス,,△,,0.0407517295417192,累進
3549.T,"Kusuri No Aoki Holdings Co., Ltd.",3640.0,82,0.015384615384615385,0.008951961632565016,0.014018691588785047,335504506880.0,大型,ヘルスケア,,△,,0.1461415201134793,累進
4680.T,Round One Corporation,1177.5,74,0.015286624203821656,0.014684330366780863,0.023480106931446802,299149099008.0,中型,一般消費財・サービス,,△,,0.1303975388988132,累進
4063.T,"Shin-Etsu Chemical Co., Ltd.",6942.0,89,0.015269374819936617,0.018296153303686825,0.030463858583750808,12710016188416.0,超大型,素材,,×,,0.2006700193846784,
2801.T,Kikkoman Corporation,1650.0,87,0.015151515151515152,0.015267942107956296,0.020800751752168792,1513502539776.0,超大型,生活必需品,,×,現金比率低い,0.149873369809743,
7734.T,"Riken Keiki Co., Ltd.",3690.0,100,0.014905149051490514,0.014754488591245219,0.0232758774511414,165686329344.0,中型,資本財・サービス,,△,,0.1988194260515106,累進
2371.T,"Kakaku.com, Inc.",3370.0,87,0.01483679525222552,0.024736639698987248,0.039669146149715194,654838071296.0,大型,コミュニケーション・サービス,,×,現金比率低い,0.1131889516312441,
5261.T,"RESOL HOLDINGS Co.,Ltd.",7450.0,86,0.01476510067114094,0.017851798056950936,0.021541908373259845,40344322048.0,小型,一般消費財・サービス,,×,現金比率低い,0.1071428571428571,
9697.T,"Capcom Co., Ltd.",3049.0,100,0.014758937356510331,0.010066767139961963,0.01303833770895355,1232965337088.0,超大型,コミュニケーション・サービス,,△,,0.2476690539287488,累進
9627.T,Ain Holdings Inc.,5474.0,82,0.014614541468761417,0.01553963722682878,0.019301639720474936,191006359552.0,中型,ヘルスケア,,×,,0.086026936026936,累進
6504.T,"Fuji Electric Co., Ltd.",13720.0,92,0.014577259475218658,0.019491480208429675,0.03703236808230858,1997169491968.0,超大型,資本財・サービス,,×,現金比率低い,0.1549775533108866,累進
3798.T,"ULS Group, Inc.",503.0,92,0.014512922465208748,0.013413415367044353,0.01536087128229662,27723405312.0,超小型,情報技術,Split,△,,0.1736997431333815,
6273.T,SMC Corporation,70450.0,71,0.014194464158977998,0.014981700536300819,0.024092704964217157,4517378654208.0,超大型,資本財・サービス,,×,,0.2345679012345679,累進
2222.T,"Kotobuki Spirits Co., Ltd.",2475.0,89,0.014141414141414142,0.018094011383166683,0.020047659338582467,373959622656.0,大型,生活必需品,,×,現金比率低い,0.3354497354497354,
3622.T,Netyear Group Corporation,496.0,82,0.014112903225806451,0.01309099630751635,0.014827063221427749,3464449024.0,超小型,コミュニケーション・サービス,,△,,0.0903010033444816,累進
3104.T,"Fujibo Holdings, Inc.",4255.0,81,0.01410105757931845,0.020773031350496417,0.035590768213737335,145660411904.0,中型,一般消費財・サービス,Split,×,現金比率低い,0.1136656436326675,
2208.T,Bourbon Corporation,3005.0,92,0.013976705490848586,0.012073808030189048,0.016962583592860993,72151834624.0,小型,生活必需品,,△,,0.0903285979026045,累進
6841.T,Yokogawa Electric Corporation,5594.0,100,0.013943510904540579,0.014725734755942771,0.02420717472384041,1410566848512.0,超大型,資本財・サービス,,×,,0.1140812346694699,累進
6590.T,Shibaura Mechatronics Corporation,4305.0,89,0.013937282229965157,0.027007957609779105,0.053967585931027684,286514249728.0,中型,情報技術,Split,×,現金比率低い,0.502537141643912,
5393.T,Nichias Corporation,3941.0,81,0.0138712590713017,0.0199787985753318,0.0323999367188736,755409879040.0,大型,資本財・サービス,Split,×,現金比率低い,0.1326448072985457,
2531.T,Takara Holdings Inc.,2261.0,81,0.013710747456877488,0.0228827698384826,0.02853722238091717,428703645696.0,大型,生活必需品,,×,ROE低い,0.1399293460243248,
7912.T,"Dai Nippon Printing Co., Ltd.",2938.0,92,0.013614703880190605,0.013969150423481808,0.022103038553977775,1240951291904.0,超大型,資本財・サービス,,×,,0.0277777777777777,
4187.T,Osaka Organic Chemical Industry Ltd.,5880.0,76,0.013605442176870748,0.021471249868555885,0.03929876521667826,121210142720.0,中型,素材,,×,,0.1312687827963523,累進
2175.T,"SMS Co., Ltd.",2188.0,72,0.013482632541133455,0.022206792151045374,0.028936127704558806,172779339776.0,中型,ヘルスケア,,×,ROE低い/EPS低い/現金比率低い,0.2722490243388076,累進
8233.T,"Takashimaya Company, Limited",2524.5,69,0.013468013468013467,0.01793136854517711,0.029939714892924952,752753967104.0,大型,一般消費財・サービス,,×,ROE低い/EPS低い,0.1193458086743908,累進
4543.T,Terumo Corporation,2247.0,87,0.01335113484646195,0.009540489287797603,0.01242222031591051,3262883561472.0,超大型,ヘルスケア,,△,現金比率低い,0.1235077933398346,累進
7419.T,Nojima Corporation,1350.0,100,0.01308642,0.01416532778768154,0.023093712050101686,384314540032.0,大型,一般消費財・サービス,Split,×,,0.1678809939666231,累進
4464.T,SOFT99corporation,3600.0,84,0.013055555555555556,0.01633975705324002,0.03258414144756003,75259150336.0,小型,素材,,×,,0.0998725268971038,累進
4462.T,"Ishihara Chemical Co., Ltd.",3380.0,86,0.01301775147928994,0.016271771563851282,0.026168084981780818,46326185984.0,小型,素材,,×,,0.1229864876158028,
5332.T,TOTO LTD.,8490.0,82,0.012956419316843345,0.020286681192379738,0.030947314991760354,1402965196800.0,超大型,資本財・サービス,,×,現金比率低い,0.0497406369955389,
7443.T,"Yokohama Gyorui Co., Ltd.",624.0,54,0.01282051282051282,0.011502080727656088,0.013114754098360656,3917101824.0,超小型,生活必需品,,△,ROE低い,0.1111111111111111,累進
2349.T,"Nippon Information Development Co., Ltd.",2300.0,95,0.012608695652173913,0.01249300085250733,0.012907001546332326,25172486144.0,超小型,情報技術,,△,,0.0605793055381586,累進
7564.T,"Workman Co.,Ltd.",7070.0,100,0.012588401697312589,0.015202761457328929,0.019551320319607803,550072483840.0,大型,一般消費財・サービス,,×,,0.1434474056448329,累進
9843.T,"Nitori Holdings Co., Ltd.",2482.5,84,0.012406847935548842,0.009035782617144513,0.01278853576726256,1378739552256.0,超大型,一般消費財・サービス,Split,△,,0.1055448765280518,累進
6368.T,Organo Corporation,16190.0,84,0.012353304508956145,0.017760520103957955,0.03707652424901817,752731029504.0,大型,資本財・サービス,,×,現金比率低い,0.3713485112597459,累進
6370.T,Kurita Water Industries Ltd.,9071.0,92,0.012347040017638629,0.01549824707153026,0.027231239692358012,988807954432.0,大型,資本財・サービス,,×,現金比率低い,0.0853772722234835,累進
3774.T,Internet Initiative Japan Inc.,3164.0,92,0.012326169405815424,0.011412085425539006,0.01546189913894019,553978888192.0,大型,コミュニケーション・サービス,,△,現金比率低い,0.2741810299813074,累進
6055.T,"JAPAN MATERIAL Co., Ltd.",2605.0,92,0.012284069097888676,0.019856539524259725,0.025128378293747738,270604402688.0,中型,資本財・サービス,,×,現金比率低い,0.1692410290900744,累進
4975.T,JCU Corporation,7780.0,94,0.012210796915167094,0.017364599844262366,0.02862874947459063,194742009856.0,中型,素材,,×,,0.1187496760131031,累進
2413.T,"M3, Inc.",1830.0,100,0.012021857923497269,0.014198482052256793,0.01674914350970689,1179013611520.0,超大型,ヘルスケア,,×,,0.1928872550260579,累進
3349.T,COSMOS Pharmaceutical Corporation,6274.0,82,0.011954096270321964,0.008237371826127817,0.011421821166255687,488621047808.0,大型,ヘルスケア,,△,,0.1813140583106663,累進
8830.T,"Sumitomo Realty & Development Co., Ltd.",3738.0,82,0.011771000535045479,0.010372783713457215,0.016496695137525462,3299157475328.0,超大型,不動産,Split,△,現金比率低い,0.1501905104877409,累進
7741.T,HOYA Corporation,25805.0,92,0.011431893043983725,0.010618839545526611,0.016723600582495203,8555208376320.0,超大型,ヘルスケア,,△,現金比率低い,0.1782267115600449,累進
7911.T,TOPPAN Holdings Inc.,5090.0,90,0.011394891944990177,0.011549358872166161,0.01738612586307195,1458822578176.0,超大型,資本財・サービス,,×,,0.0736418340537333,
7173.T,"Tokyo Kiraboshi Financial Group, Inc.",1887.0,78,0.01126126126126126,0.02119231713020972,0.04015929916855394,4113486839808.0,超大型,金融,Split,×,営業CF合計マイナス/自己資本比率低い,0.138350308416722,累進
6134.T,Fuji Corporation,8001.0,81,0.01124859392575928,0.025029002096336867,0.046500839499942846,702513348608.0,大型,資本財・サービス,,×,現金比率低い,0.1260027754280627,累進
6101.T,Tsugami Corporation,7620.0,90,0.01115485564304462,0.027556924174211742,0.04867309255826532,342714777600.0,大型,資本財・サービス,,×,減収傾向,0.184229550406021,累進
6501.T,"Hitachi, Ltd.",4486.0,81,0.011145786892554615,0.00983754011222772,0.016901778859040064,20136643788800.0,超大型,資本財・サービス,,△,現金比率低い,0.1973757789324936,
7649.T,"Sugi Holdings Co.,Ltd.",3186.0,100,0.01098556183301946,0.009627082117139116,0.014460987763337301,559567994880.0,大型,ヘルスケア,,△,,0.0928766025620847,累進
3796.T,"e-Seikatsu Co.,Ltd.",276.0,85,0.010869565217391304,0.01125080931434309,0.012181567361915068,3795757312.0,超小型,情報技術,Split,×,,0.0277777777777777,累進
4966.T,"C.Uyemura & Co.,Ltd.",26830.0,94,0.01080879612374208,0.02339325689282724,0.03382112808419328,431326658560.0,大型,素材,,×,,0.2028320444987111,累進
2221.T,"Iwatsuka Confectionery Co., Ltd.",3045.0,77,0.010509031198686371,0.010798434455333777,0.011953720191699227,31083821056.0,超小型,生活必需品,,×,ROE低い/現金比率低い,0.1463647980858126,累進
4091.T,Nippon Sanso Holdings Corporation,5923.0,92,0.010467668411278068,0.009609747001750784,0.013812471088027165,2570284171264.0,超大型,素材,,△,現金比率低い,0.1360416332638555,累進
4369.T,Tri Chemical Laboratories Inc.,3455.0,86,0.010130246020260492,0.013636953991010295,0.018634282322115458,113088700416.0,中型,素材,,×,現金比率低い,0.3766914492489205,累進
6762.T,TDK Corporation,3593.0,89,0.01001948232674645,0.015742432481591694,0.027538627972406745,6785901002752.0,超大型,情報技術,,×,,0.1772144457279651,累進
2805.T,S&B Foods Inc.,5250.0,89,0.009523809523809525,0.01168946309209263,0.019584460719058068,126681251840.0,中型,生活必需品,,×,,0.1145479885819822,累進
6701.T,NEC Corporation,4047.0,94,0.009389671361502348,0.007581753087628925,0.011917787054711158,5033475702784.0,超大型,情報技術,,△,,0.1089677230981578,累進
6503.T,Mitsubishi Electric Corporation,5860.0,82,0.00938566552901024,0.013242312832837912,0.02441388734911328,11988021280768.0,超大型,資本財・サービス,,×,現金比率低い,0.0870280908928251,
6800.T,"Yokowo Co., Ltd.",6080.0,84,0.009210526315789473,0.025962931346412213,0.04846729461593302,143825633280.0,中型,情報技術,,×,,0.1596828205653095,
7550.T,"Zensho Holdings Co., Ltd.",8204.0,95,0.009141882008776206,0.006964705440029128,0.009803624564671815,1240902402048.0,超大型,一般消費財・サービス,,△,,0.2151248284352785,累進
3891.T,Nippon Kodoshi Corporation,9980.0,81,0.009018036072144289,0.0300343284381116,0.05686058495326771,107048640512.0,中型,情報技術,,×,現金比率低い,0.2101689408706952,
1948.T,"The Kodensha Co., Ltd.",11490.0,74,0.008703220191470844,0.029476216277548945,0.06007432749702601,100261724160.0,中型,資本財・サービス,,×,,0.2608208522001625,累進
9691.T,"Ryomo Systems Co.,Ltd.",5190.0,90,0.008477842003853564,0.010813978485979597,0.01893262375213121,18121938944.0,超小型,情報技術,,×,,0.1367298279062985,
2802.T,"Ajinomoto Co., Inc.",5816.0,87,0.008253094910591471,0.010465059141152406,0.01687217964587371,5468502622208.0,超大型,生活必需品,,×,現金比率低い,0.1369257712478051,
9478.T,"SE Holdings and Incubations Co., Ltd.",487.0,67,0.008213552361396304,0.011233780675707924,0.015549723987247079,7490992128.0,超小型,コミュニケーション・サービス,,×,減収傾向,0.1216931216931217,累進
6777.T,santec Holdings Corporation,26360.0,87,0.007966616084977238,0.029688510015661394,0.06373680774592128,329290645504.0,大型,情報技術,,×,現金比率低い,0.403012728012728,
6758.T,Sony Group Corporation,3299.0,100,0.007578053955744165,0.005262991104880824,0.0075290513052234595,18841683886080.0,超大型,情報技術,,△,,0.2136556669451406,累進
8715.T,"Anicom Holdings, Inc.",1220.0,87,0.007377049180327869,0.011635086857045488,0.018679032261850352,89765232640.0,小型,金融,,×,,0.280050505050505,累進
6668.T,"Adtec Plasma Technology Co., Ltd.",3800.0,64,0.007368421052631579,0.015686875323267346,0.02720493866853556,35684556800.0,超小型,資本財・サービス,,×,,0.2513227513227513,累進
2882.T,"EAT&HOLDINGS Co.,Ltd",2044.0,80,0.007338551859099804,0.005824167037177455,0.008064343523149454,22851481600.0,超小型,一般消費財・サービス,,△,ROE低い,0.0888359788359788,累進
4686.T,JustSystems Corporation,3685.0,94,0.007327001356852103,0.005510438517764141,0.007871115606369916,231847837696.0,中型,情報技術,,△,,0.183048433048433,累進
3923.T,"Rakus Co., Ltd.",966.7000122070312,92,0.007241129524782565,0.005607587656821543,0.009709429113031697,313422184448.0,大型,情報技術,Split,△,現金比率低い,0.3792298982415115,累進
6861.T,Keyence Corporation,78200.0,92,0.007033248081841432,0.006520638082750851,0.00898008945790505,18698687479808.0,超大型,情報技術,,△,現金比率低い,0.3001424501424501,累進
3399.T,Maruchiyo Yamaokaya Corporation,3430.0,84,0.006705539358600583,0.004705122035181978,0.007863247863247864,63925514240.0,小型,一般消費財・サービス,Split,△,現金比率低い,0.1103174603174603,累進
6315.T,TOWA Corporation,3140.0,86,0.006369426751592357,0.011745095182766873,0.01973419779654866,238213955584.0,中型,情報技術,,×,,0.3361111620902824,
4368.T,"Fuso Chemical Co.,Ltd.",4515.0,81,0.006053746843853821,0.01402123827715063,0.026929677439964647,490895179776.0,大型,素材,Split,×,現金比率低い,0.0730325224825138,
6981.T,"Murata Manufacturing Co., Ltd.",10740.0,81,0.006052141527001862,0.01874711284212465,0.032852404397377744,19604531314688.0,超大型,情報技術,,×,現金比率低い,0.1065955688210157,累進
5706.T,"Mitsui Kinzoku Company, Limited",41940.0,81,0.005841678588459704,0.023235722358397177,0.05815663986980517,2425229672448.0,超大型,資本財・サービス,,×,現金比率低い,0.1703961887785417,
8337.T,"The Chiba Kogyo Bank, Ltd.",2406.0,62,0.004156275976724855,0.00707133805276814,0.01089994754267189,135381467136.0,中型,金融,,×,ROE低い/営業CF合計マイナス/自己資本比率低い,0.1851851851851851,累進
9267.T,"Genky DrugStores Co., Ltd.",3395.0,82,0.003829160530191458,0.0030192317161075954,0.00512319312864037,100885872640.0,中型,ヘルスケア,,△,,0.052063492063492,累進
6834.T,"SEIKOH GIKEN Co., Ltd.",29470.0,81,0.0033932813030200203,0.012011987235480307,0.02918172615989762,278011314176.0,中型,情報技術,,×,現金比率低い,0.2085330428467683,
4970.T,"Toyo Gosei Co.,Ltd.",16270.0,76,0.002458512599877074,0.005889212607739427,0.011004688276621754,130400608256.0,中型,素材,,×,ROE低い/現金比率低い,0.1945767195767195,累進
9984.T,SoftBank Group Corp.,5894.0,82,0.0018663047166610112,0.003416744218119625,0.00756005309957395,35481496584192.0,超大型,コミュニケーション・サービス,Split,×,,0.0951765719207579,累進
3778.T,SAKURA Internet Inc.,2811.0,85,0.0017787264318747777,0.0015759358992518697,0.002026753141467369,113189740544.0,中型,情報技術,,△,ROE低い/配当性向70%以上2回,0.0566137566137566,累進
5344.T,"Maruwa Co.,Ltd.",68480.0,92,0.0014894859813084113,0.0022433375241949975,0.004474376268327746,846143291392.0,大型,情報技術,,×,現金比率低い,0.1084068987837028,累進
5922.T,"Nasu Denki-Tekko Co., Ltd.",,81,,0.03776831641190005,0.043080595398509995,20478507008.0,超小型,資本財・サービス,,×,,0.261111111111111,
6489.T,"Maezawa Industries, Inc.",,77,,0.028227418625600322,0.05145395265079722,30265182208.0,超小型,資本財・サービス,,×,,0.2412134162134162,累進
7925.T,"Maezawa Kasei Industries Co., Ltd.",,67,,0.03216186114174796,0.04801882198916177,28606861312.0,超小型,素材,,×,ROE低い,0.1109908609908609,累進
